City_Code,City_Name,District_Code,District_Name,Precinct,PollStation,Eligible_Voters,Total_Votes,더불어민주당이재명_Votes,국민의힘김문수_Votes,개혁신당이준석_Votes,민주노동당권영국_Votes,무소속송진호_Votes,Invalid_Votes,Abstentions
4800,경상남도,4821,창원시의창구,동읍,관내사전투표,3326,3326,1809,1239,202,46,7,23,0
4800,경상남도,4821,창원시의창구,동읍,동읍제1투,1026,749,289,349,82,21,1,7,277
4800,경상남도,4821,창원시의창구,동읍,동읍제2투,1862,1205,315,790,80,13,1,6,657
4800,경상남도,4821,창원시의창구,동읍,동읍제3투,1524,1101,349,677,50,13,0,12,423
4800,경상남도,4821,창원시의창구,동읍,동읍제4투,2297,1722,686,881,114,24,2,15,575
4800,경상남도,4821,창원시의창구,동읍,동읍제5투,2691,1818,570,1087,115,33,4,9,873
4800,경상남도,4821,창원시의창구,동읍,동읍제6투,1100,757,147,563,34,5,1,7,343
4800,경상남도,4821,창원시의창구,동읍,동읍제7투,1025,695,142,516,27,8,0,2,330
4800,경상남도,4821,창원시의창구,북면,관내사전투표,6782,6782,3906,2210,531,90,6,39,0
4800,경상남도,4821,창원시의창구,북면,북면제2투,2223,1673,548,971,123,21,1,9,550
4800,경상남도,4821,창원시의창구,북면,북면제3투,2224,1815,696,946,142,25,0,6,409
4800,경상남도,4821,창원시의창구,북면,북면제4투,2451,1812,660,940,167,19,3,23,639
4800,경상남도,4821,창원시의창구,북면,북면제5투,2160,1529,446,958,98,17,1,9,631
4800,경상남도,4821,창원시의창구,북면,북면제6투,2233,1643,687,765,152,24,4,11,590
4800,경상남도,4821,창원시의창구,북면,북면제7투,2924,2204,870,1098,188,26,1,21,720
4800,경상남도,4821,창원시의창구,북면,북면제8투,3133,2090,495,1488,83,10,2,12,1043
4800,경상남도,4821,창원시의창구,북면,북면제9투,771,561,116,421,17,2,0,5,210
4800,경상남도,4821,창원시의창구,북면,북면제10투,2325,1653,580,853,172,26,1,21,672
4800,경상남도,4821,창원시의창구,대산면,관내사전투표,1532,1532,830,589,88,11,1,13,0
4800,경상남도,4821,창원시의창구,대산면,대산면제1투,1195,802,204,554,29,7,2,6,393
4800,경상남도,4821,창원시의창구,대산면,대산면제2투,2179,1297,363,836,67,16,3,12,882
4800,경상남도,4821,창원시의창구,대산면,대산면제3투,845,567,173,355,25,12,0,2,278
4800,경상남도,4821,창원시의창구,의창동,관내사전투표,5840,5840,2895,2421,414,65,5,40,0
4800,경상남도,4821,창원시의창구,의창동,의창동제1투,1604,1119,223,825,58,7,0,6,485
4800,경상남도,4821,창원시의창구,의창동,의창동제3투,2255,1634,512,974,121,13,1,13,621
4800,경상남도,4821,창원시의창구,의창동,의창동제4투,2477,1657,442,1071,98,22,3,21,820
4800,경상남도,4821,창원시의창구,의창동,의창동제5투,2490,1802,462,1183,105,36,2,14,688
4800,경상남도,4821,창원시의창구,의창동,의창동제6투,2222,1485,380,957,114,21,1,12,737
4800,경상남도,4821,창원시의창구,의창동,의창동제7투,1642,1207,342,786,61,7,1,10,435
4800,경상남도,4821,창원시의창구,의창동,의창동제8투,1437,1075,307,680,67,10,1,10,362
4800,경상남도,4821,창원시의창구,의창동,의창동제10투,3176,2694,911,1499,249,23,4,8,482
4800,경상남도,4821,창원시의창구,팔룡동,관내사전투표,5352,5352,2751,2028,474,59,5,35,0
4800,경상남도,4821,창원시의창구,팔룡동,팔룡동제1투,2145,1498,388,972,109,17,1,11,647
4800,경상남도,4821,창원시의창구,팔룡동,팔룡동제2투,2048,1249,310,804,97,22,2,14,799
4800,경상남도,4821,창원시의창구,팔룡동,팔룡동제3투,2687,1764,491,1116,121,23,3,10,923
4800,경상남도,4821,창원시의창구,팔룡동,팔룡동제4투,2666,1975,687,1027,201,39,3,18,691
4800,경상남도,4821,창원시의창구,팔룡동,팔룡동제5투,2981,2357,874,1218,202,37,3,23,624
4800,경상남도,4821,창원시의창구,팔룡동,팔룡동제6투,2179,1628,607,819,169,17,5,11,551
4800,경상남도,4821,창원시의창구,명곡동,관내사전투표,7162,7162,3830,2635,558,84,6,49,0
4800,경상남도,4821,창원시의창구,명곡동,명곡동제1투,2808,1999,593,1227,135,21,1,22,809
4800,경상남도,4821,창원시의창구,명곡동,명곡동제2투,2826,2037,659,1192,137,30,2,17,789
4800,경상남도,4821,창원시의창구,명곡동,명곡동제3투,2456,1851,615,1048,146,28,5,9,605
4800,경상남도,4821,창원시의창구,명곡동,명곡동제4투,1970,1259,381,757,93,19,2,7,711
4800,경상남도,4821,창원시의창구,명곡동,명곡동제5투,2839,2293,627,1416,213,24,1,12,546
4800,경상남도,4821,창원시의창구,명곡동,명곡동제6투,1984,1366,391,866,89,9,1,10,618
4800,경상남도,4821,창원시의창구,명곡동,명곡동제7투,2309,1622,380,1101,113,10,4,14,687
4800,경상남도,4821,창원시의창구,명곡동,명곡동제8투,2139,1446,369,940,104,18,1,14,693
4800,경상남도,4821,창원시의창구,명곡동,명곡동제9투,2150,1459,417,938,86,10,1,7,691
4800,경상남도,4821,창원시의창구,명곡동,명곡동제10투,1750,1237,361,772,75,15,2,12,513
4800,경상남도,4821,창원시의창구,명곡동,명곡동제11투,1695,1132,284,747,78,14,0,9,563
4800,경상남도,4821,창원시의창구,봉림동,관내사전투표,4557,4557,2411,1709,344,54,3,36,0
4800,경상남도,4821,창원시의창구,봉림동,봉림동제1투,2724,1823,496,1184,115,13,2,13,901
4800,경상남도,4821,창원시의창구,봉림동,봉림동제2투,2419,1693,486,1060,120,15,1,11,726
4800,경상남도,4821,창원시의창구,봉림동,봉림동제3투,2209,1448,388,928,108,14,2,8,761
4800,경상남도,4821,창원시의창구,봉림동,봉림동제4투,2159,1451,441,871,111,16,1,11,708
4800,경상남도,4821,창원시의창구,봉림동,봉림동제5투,3100,2089,633,1260,160,15,5,16,1011
4800,경상남도,4821,창원시의창구,봉림동,봉림동제6투,3939,2671,680,1663,290,18,1,19,1268
4800,경상남도,4821,창원시의창구,봉림동,봉림동제7투,2584,1758,475,1101,145,17,1,19,826
4800,경상남도,4822,창원시성산구,반송동,관내사전투표,6831,6831,3959,2178,537,108,6,43,0
4800,경상남도,4822,창원시성산구,반송동,반송동제1투,1872,1533,462,931,115,18,2,5,339
4800,경상남도,4822,창원시성산구,반송동,반송동제3투,1904,1528,521,808,164,24,1,10,376
4800,경상남도,4822,창원시성산구,반송동,반송동제4투,1971,1595,563,862,133,28,2,7,376
4800,경상남도,4822,창원시성산구,반송동,반송동제5투,1759,1386,435,811,116,14,0,10,373
4800,경상남도,4822,창원시성산구,반송동,반송동제6투,1944,1549,504,877,141,20,1,6,395
4800,경상남도,4822,창원시성산구,반송동,반송동제8투,2177,1575,432,1013,100,20,2,8,602
4800,경상남도,4822,창원시성산구,반송동,반송동제9투,2130,1550,478,927,110,23,1,11,580
4800,경상남도,4822,창원시성산구,반송동,반송동제10투,2102,1538,501,882,117,21,3,14,564
4800,경상남도,4822,창원시성산구,반송동,반송동제11투,2470,2070,721,1164,139,32,1,13,400
4800,경상남도,4822,창원시성산구,중앙동,중앙동제1투,2283,1314,329,831,132,9,2,11,969
4800,경상남도,4822,창원시성산구,중앙동,중앙동제2투,3322,1831,425,1146,226,16,0,18,1491
4800,경상남도,4822,창원시성산구,중앙동,중앙동제3투,1840,1206,306,765,110,15,2,8,634
4800,경상남도,4822,창원시성산구,중앙동,중앙동제4투,2926,1777,484,1040,222,15,1,15,1149
4800,경상남도,4822,창원시성산구,중앙동,중앙동제7투,3298,2689,993,1363,261,47,0,25,609
4800,경상남도,4822,창원시성산구,중앙동,중앙동제8투,2163,1693,611,925,117,26,4,10,470
4800,경상남도,4822,창원시성산구,중앙동,중앙동제9투,1828,1493,378,968,121,17,2,7,335
4800,경상남도,4822,창원시성산구,용지동,관내사전투표,4474,4474,2474,1361,504,81,3,51,0
4800,경상남도,4822,창원시성산구,용지동,용지동제1투,3482,2677,827,1518,279,31,0,22,805
4800,경상남도,4822,창원시성산구,용지동,용지동제2투,2376,1682,409,1068,170,14,1,20,694
4800,경상남도,4822,창원시성산구,용지동,용지동제3투,2515,1832,567,1063,143,37,2,20,683
4800,경상남도,4822,창원시성산구,용지동,용지동제4투,2103,1462,441,888,109,15,3,6,641
4800,경상남도,4822,창원시성산구,용지동,용지동제5투,3158,2173,637,1313,174,29,3,17,985
4800,경상남도,4822,창원시성산구,용지동,용지동제6투,2501,1940,577,1154,166,31,1,11,561
4800,경상남도,4822,창원시성산구,상남동,관내사전투표,6434,6434,3716,1971,606,89,6,46,0
4800,경상남도,4822,창원시성산구,상남동,상남동제2투,1873,1315,411,746,121,20,2,15,558
4800,경상남도,4822,창원시성산구,상남동,상남동제3투,2381,1852,598,1063,145,38,1,7,529
4800,경상남도,4822,창원시성산구,상남동,상남동제5투,2985,2247,793,1204,198,42,1,9,738
4800,경상남도,4822,창원시성산구,사파동,사파동제1투,3214,2264,763,1248,196,34,3,20,950
4800,경상남도,4822,창원시성산구,사파동,사파동제2투,2264,1634,472,996,131,17,0,18,630
4800,경상남도,4822,창원시성산구,사파동,사파동제3투,1548,1178,432,604,114,22,0,6,370
4800,경상남도,4822,창원시성산구,사파동,사파동제4투,2574,1929,663,1055,152,41,3,15,645
4800,경상남도,4822,창원시성산구,사파동,사파동제5투,2695,1972,642,1128,155,38,2,7,723
4800,경상남도,4822,창원시성산구,사파동,사파동제7투,2736,1864,534,1089,186,36,3,16,872
4800,경상남도,4822,창원시성산구,사파동,사파동제8투,2253,1642,524,922,139,42,1,14,611
4800,경상남도,4822,창원시성산구,사파동,사파동제9투,2541,1915,717,991,147,42,3,15,626
4800,경상남도,4822,창원시성산구,사파동,사파동제10투,2162,1728,725,833,126,35,0,9,434
4800,경상남도,4822,창원시성산구,사파동,사파동제11투,2718,2149,890,974,221,46,7,11,569
4800,경상남도,4822,창원시성산구,가음정동,관내사전투표,6671,6671,4115,1858,551,98,0,49,0
4800,경상남도,4822,창원시성산구,가음정동,가음정동제1투,1844,1362,476,683,176,12,3,12,482
4800,경상남도,4822,창원시성산구,가음정동,가음정동제3투,2690,2132,747,1126,195,42,5,17,558
4800,경상남도,4822,창원시성산구,가음정동,가음정동제4투,1084,794,247,466,62,17,0,2,290
4800,경상남도,4822,창원시성산구,가음정동,가음정동제5투,2948,2348,898,1234,165,32,4,15,600
4800,경상남도,4822,창원시성산구,가음정동,가음정동제6투,2619,2113,762,1130,168,34,7,12,506
4800,경상남도,4822,창원시성산구,가음정동,가음정동제7투,2357,1877,654,1030,144,32,2,15,480
4800,경상남도,4822,창원시성산구,가음정동,가음정동제8투,1793,1217,373,719,98,17,2,8,576
4800,경상남도,4822,창원시성산구,가음정동,가음정동제9투,1819,1327,517,635,133,25,2,15,492
4800,경상남도,4822,창원시성산구,가음정동,가음정동제10투,2665,2041,703,1122,154,41,2,19,624
4800,경상남도,4822,창원시성산구,성주동,관내사전투표,3878,3878,2366,1072,341,69,8,22,0
4800,경상남도,4822,창원시성산구,성주동,성주동제1투,2879,2234,670,1276,237,29,2,20,645
4800,경상남도,4822,창원시성산구,성주동,성주동제2투,1986,1356,505,680,138,18,0,15,630
4800,경상남도,4822,창원시성산구,성주동,성주동제3투,2389,1710,678,861,135,24,3,9,679
4800,경상남도,4822,창원시성산구,성주동,성주동제4투,3302,2577,980,1284,234,41,4,34,725
4800,경상남도,4822,창원시성산구,성주동,성주동제5투,2598,2108,715,1142,206,32,2,11,490
4800,경상남도,4822,창원시성산구,성주동,성주동제6투,2305,1854,624,1009,172,33,1,15,451
4800,경상남도,4822,창원시성산구,웅남동,관내사전투표,1755,1755,949,605,155,29,2,15,0
4800,경상남도,4822,창원시성산구,웅남동,웅남동제1투,852,564,125,395,38,1,1,4,288
4800,경상남도,4822,창원시성산구,웅남동,웅남동제2투,1574,1164,377,659,99,19,4,6,410
4800,경상남도,4822,창원시성산구,웅남동,웅남동제3투,1402,1019,286,650,59,9,0,15,383
4800,경상남도,4822,창원시성산구,웅남동,웅남동제4투,445,320,60,212,40,2,1,5,125
4800,경상남도,4823,창원시마산합포구,구산면,관내사전투표,662,662,245,379,27,6,1,4,0
4800,경상남도,4823,창원시마산합포구,구산면,구산면제1투,946,649,105,510,19,4,3,8,297
4800,경상남도,4823,창원시마산합포구,구산면,구산면제2투,1692,1148,170,917,29,6,1,25,544
4800,경상남도,4823,창원시마산합포구,진동면,관내사전투표,2668,2668,1320,1168,137,17,1,25,0
4800,경상남도,4823,창원시마산합포구,진동면,진동면제1투,704,524,90,405,15,7,1,6,180
4800,경상남도,4823,창원시마산합포구,진동면,진동면제2투,2217,1502,352,1075,58,7,0,10,715
4800,경상남도,4823,창원시마산합포구,진동면,진동면제3투,1399,898,159,700,31,2,0,6,501
4800,경상남도,4823,창원시마산합포구,진동면,진동면제4투,2304,1601,484,995,104,7,1,10,703
4800,경상남도,4823,창원시마산합포구,진북면,관내사전투표,653,653,271,345,26,5,0,6,0
4800,경상남도,4823,창원시마산합포구,진북면,진북면제1투,1477,953,141,773,22,6,1,10,524
4800,경상남도,4823,창원시마산합포구,진북면,진북면제2투,613,402,63,311,14,6,1,7,211
4800,경상남도,4823,창원시마산합포구,진전면,관내사전투표,747,747,251,433,40,9,2,12,0
4800,경상남도,4823,창원시마산합포구,진전면,진전면제1투,1256,826,132,659,23,7,0,5,430
4800,경상남도,4823,창원시마산합포구,진전면,진전면제2투,1052,760,113,605,26,3,1,12,292
4800,경상남도,4823,창원시마산합포구,현동,관내사전투표,3319,3319,1768,1284,214,30,3,20,0
4800,경상남도,4823,창원시마산합포구,현동,현동제1투,2098,1552,517,917,94,10,2,12,546
4800,경상남도,4823,창원시마산합포구,현동,현동제2투,2362,1608,377,1132,79,15,3,2,754
4800,경상남도,4823,창원시마산합포구,현동,현동제3투,2125,1586,601,822,135,18,1,9,539
4800,경상남도,4823,창원시마산합포구,가포동,관내사전투표,1468,1468,784,511,145,18,0,10,0
4800,경상남도,4823,창원시마산합포구,가포동,가포동투표소,2762,1840,504,1108,181,22,2,23,922
4800,경상남도,4823,창원시마산합포구,월영동,관내사전투표,6847,6847,3440,2814,476,69,8,40,0
4800,경상남도,4823,창원시마산합포구,월영동,월영동제1투,1777,1062,200,749,92,13,2,6,715
4800,경상남도,4823,창원시마산합포구,월영동,월영동제2투,1471,975,219,703,38,9,3,3,496
4800,경상남도,4823,창원시마산합포구,월영동,월영동제3투,2478,1793,530,1094,146,17,0,6,685
4800,경상남도,4823,창원시마산합포구,월영동,월영동제4투,2326,1592,410,1073,92,9,2,6,734
4800,경상남도,4823,창원시마산합포구,월영동,월영동제5투,1800,1373,337,940,75,9,0,12,427
4800,경상남도,4823,창원시마산합포구,월영동,월영동제6투,2393,1695,412,1136,113,20,4,10,698
4800,경상남도,4823,창원시마산합포구,월영동,월영동제7투,3623,2554,698,1642,175,24,1,14,1069
4800,경상남도,4823,창원시마산합포구,문화동,관내사전투표,3252,3252,1434,1496,263,21,6,32,0
4800,경상남도,4823,창원시마산합포구,문화동,문화동제1투,2199,1401,263,1019,97,8,2,12,798
4800,경상남도,4823,창원시마산합포구,문화동,문화동제2투,1749,1140,242,816,68,7,0,7,609
4800,경상남도,4823,창원시마산합포구,문화동,문화동제3투,2616,1737,381,1226,100,18,0,12,879
4800,경상남도,4823,창원시마산합포구,반월중앙동,관내사전투표,2455,2455,1143,1138,131,22,4,17,0
4800,경상남도,4823,창원시마산합포구,반월중앙동,반월중앙동제1투,2729,1965,484,1333,110,21,1,16,764
4800,경상남도,4823,창원시마산합포구,반월중앙동,반월중앙동제2투,844,511,84,395,23,8,0,1,333
4800,경상남도,4823,창원시마산합포구,반월중앙동,반월중앙동제3투,2089,1481,330,1046,68,19,4,14,608
4800,경상남도,4823,창원시마산합포구,반월중앙동,반월중앙동제4투,2552,1957,480,1360,94,14,2,7,595
4800,경상남도,4823,창원시마산합포구,완월동,관내사전투표,2468,2468,1133,1114,170,25,3,23,0
4800,경상남도,4823,창원시마산합포구,완월동,완월동제1투,1145,736,143,539,41,4,0,9,409
4800,경상남도,4823,창원시마산합포구,완월동,완월동제2투,1859,1287,243,951,76,11,0,6,572
4800,경상남도,4823,창원시마산합포구,완월동,완월동제3투,2330,1591,386,1086,87,17,2,13,739
4800,경상남도,4823,창원시마산합포구,자산동,관내사전투표,1934,1934,816,988,102,14,4,10,0
4800,경상남도,4823,창원시마산합포구,자산동,자산동제1투,2737,1855,341,1403,91,9,0,11,882
4800,경상남도,4823,창원시마산합포구,자산동,자산동제2투,2756,1764,356,1292,84,14,2,16,992
4800,경상남도,4823,창원시마산합포구,오동동,관내사전투표,2833,2833,1109,1536,148,18,6,16,0
4800,경상남도,4823,창원시마산합포구,오동동,오동동제1투,2621,1519,254,1156,89,6,1,13,1102
4800,경상남도,4823,창원시마산합포구,오동동,오동동제2투,2074,1506,352,1056,73,13,2,10,568
4800,경상남도,4823,창원시마산합포구,오동동,오동동제3투,1689,1338,303,935,81,10,1,8,351
4800,경상남도,4823,창원시마산합포구,오동동,오동동제4투,1879,1237,259,912,47,6,1,12,642
4800,경상남도,4823,창원시마산합포구,오동동,오동동제5투,2437,1548,414,990,117,11,1,15,889
4800,경상남도,4823,창원시마산합포구,오동동,오동동제6투,1328,795,156,595,37,2,0,5,533
4800,경상남도,4823,창원시마산합포구,교방동,관내사전투표,3017,3016,1474,1267,226,30,2,17,1
4800,경상남도,4823,창원시마산합포구,교방동,교방동제1투,3684,2622,597,1801,168,32,4,20,1062
4800,경상남도,4823,창원시마산합포구,교방동,교방동제2투,2601,1957,581,1174,166,21,3,12,644
4800,경상남도,4823,창원시마산합포구,교방동,교방동제3투,2689,2091,585,1330,138,21,0,17,598
4800,경상남도,4823,창원시마산합포구,교방동,교방동제4투,1950,1265,237,953,52,9,2,12,685
4800,경상남도,4823,창원시마산합포구,합포동,관내사전투표,1902,1901,867,893,109,21,2,9,1
4800,경상남도,4823,창원시마산합포구,합포동,합포동제1투,2768,1882,482,1242,129,15,2,12,886
4800,경상남도,4823,창원시마산합포구,합포동,합포동제2투,1242,729,124,569,26,7,0,3,513
4800,경상남도,4823,창원시마산합포구,산호동,관내사전투표,2150,2150,939,1020,148,18,3,22,0
4800,경상남도,4823,창원시마산합포구,산호동,산호동제1투,1891,1350,325,939,47,24,5,10,541
4800,경상남도,4823,창원시마산합포구,산호동,산호동제2투,1604,1055,255,717,60,9,0,14,549
4800,경상남도,4823,창원시마산합포구,산호동,산호동제3투,2169,1501,363,1025,84,13,2,14,668
4800,경상남도,4823,창원시마산합포구,산호동,산호동제4투,1691,1043,218,751,57,8,1,8,648
4800,경상남도,4824,창원시마산회원구,내서읍,관내사전투표,6955,6955,3940,2440,481,51,7,36,0
4800,경상남도,4824,창원시마산회원구,내서읍,내서읍제1투,369,291,54,227,7,2,0,1,78
4800,경상남도,4824,창원시마산회원구,내서읍,내서읍제2투,3341,2582,847,1480,203,33,3,16,759
4800,경상남도,4824,창원시마산회원구,내서읍,내서읍제3투,1978,1452,443,862,113,14,6,14,526
4800,경상남도,4824,창원시마산회원구,내서읍,내서읍제4투,2916,2423,893,1320,170,30,1,9,493
4800,경상남도,4824,창원시마산회원구,내서읍,내서읍제5투,2730,1995,584,1238,126,24,5,18,735
4800,경상남도,4824,창원시마산회원구,내서읍,내서읍제6투,2058,1568,439,1027,74,16,0,12,490
4800,경상남도,4824,창원시마산회원구,내서읍,내서읍제7투,2591,1757,405,1234,102,6,0,10,834
4800,경상남도,4824,창원시마산회원구,내서읍,내서읍제8투,2539,1804,529,1129,106,27,1,12,735
4800,경상남도,4824,창원시마산회원구,내서읍,내서읍제9투,1942,1334,345,893,64,11,2,19,608
4800,경상남도,4824,창원시마산회원구,내서읍,내서읍제10투,3763,2771,953,1569,188,36,3,22,992
4800,경상남도,4824,창원시마산회원구,내서읍,내서읍제11투,2466,1835,674,989,127,32,4,9,631
4800,경상남도,4824,창원시마산회원구,내서읍,내서읍제12투,3305,2515,865,1411,182,27,4,26,790
4800,경상남도,4824,창원시마산회원구,내서읍,내서읍제13투,3412,2627,944,1437,185,41,4,16,785
4800,경상남도,4824,창원시마산회원구,내서읍,내서읍제14투,3226,2476,1040,1210,179,25,3,19,750
4800,경상남도,4824,창원시마산회원구,내서읍,내서읍제15투,632,484,101,353,24,3,0,3,148
4800,경상남도,4824,창원시마산회원구,회원1동,관내사전투표,2020,2020,819,1087,86,13,2,13,0
4800,경상남도,4824,창원시마산회원구,회원1동,회원1동제1투,2260,1637,293,1260,64,10,2,8,623
4800,경상남도,4824,창원시마산회원구,회원1동,회원1동제2투,2209,1436,268,1082,63,10,3,10,773
4800,경상남도,4824,창원시마산회원구,회원1동,회원1동제3투,1671,1072,219,771,61,11,2,8,599
4800,경상남도,4824,창원시마산회원구,회원2동,관내사전투표,1764,1764,803,835,101,9,2,14,0
4800,경상남도,4824,창원시마산회원구,회원2동,회원2동제1투,1773,1191,260,851,54,12,2,12,582
4800,경상남도,4824,창원시마산회원구,회원2동,회원2동제2투,2475,1810,506,1115,148,15,3,23,665
4800,경상남도,4824,창원시마산회원구,회원2동,회원2동제3투,1544,1022,193,776,45,3,1,4,522
4800,경상남도,4824,창원시마산회원구,석전동,관내사전투표,2996,2996,1389,1373,180,27,6,21,0
4800,경상남도,4824,창원시마산회원구,석전동,석전동제1투,943,682,173,455,36,12,3,3,261
4800,경상남도,4824,창원시마산회원구,석전동,석전동제2투,2955,2375,714,1411,195,29,3,23,580
4800,경상남도,4824,창원시마산회원구,석전동,석전동제3투,1343,954,224,663,46,10,4,7,389
4800,경상남도,4824,창원시마산회원구,석전동,석전동제4투,1072,754,159,552,26,7,0,10,318
4800,경상남도,4824,창원시마산회원구,석전동,석전동제5투,1224,798,127,612,42,11,0,6,426
4800,경상남도,4824,창원시마산회원구,석전동,석전동제6투,2368,1556,349,1102,81,12,3,9,812
4800,경상남도,4824,창원시마산회원구,회성동,관내사전투표,1371,1371,559,727,70,5,3,7,0
4800,경상남도,4824,창원시마산회원구,회성동,회성동제1투,1587,1066,213,797,44,1,3,8,521
4800,경상남도,4824,창원시마산회원구,회성동,회성동제2투,1271,842,153,625,47,8,0,9,429
4800,경상남도,4824,창원시마산회원구,회성동,회성동제3투,425,290,59,221,7,3,0,0,135
4800,경상남도,4824,창원시마산회원구,양덕1동,관내사전투표,2145,2145,932,1053,131,13,1,15,0
4800,경상남도,4824,창원시마산회원구,양덕1동,양덕1동제1투,3364,2262,509,1587,127,17,2,20,1102
4800,경상남도,4824,창원시마산회원구,양덕1동,양덕1동제2투,2903,1815,381,1338,80,8,2,6,1088
4800,경상남도,4824,창원시마산회원구,양덕2동,관내사전투표,4778,4778,2472,1881,337,49,5,34,0
4800,경상남도,4824,창원시마산회원구,양덕2동,양덕2동제1투,2970,2272,714,1340,180,22,3,13,698
4800,경상남도,4824,창원시마산회원구,양덕2동,양덕2동제2투,2449,1878,521,1200,125,22,3,7,571
4800,경상남도,4824,창원시마산회원구,양덕2동,양덕2동제3투,1871,1314,283,945,67,9,1,9,557
4800,경상남도,4824,창원시마산회원구,양덕2동,양덕2동제4투,2834,2269,774,1234,202,36,5,18,565
4800,경상남도,4824,창원시마산회원구,양덕2동,양덕2동제5투,3242,2316,700,1354,216,26,2,18,926
4800,경상남도,4824,창원시마산회원구,양덕2동,양덕2동제6투,3366,2733,639,1868,192,18,0,16,633
4800,경상남도,4824,창원시마산회원구,양덕2동,양덕2동제7투,3048,2486,767,1501,183,21,3,11,562
4800,경상남도,4824,창원시마산회원구,합성1동,관내사전투표,2241,2241,1054,994,147,21,3,22,0
4800,경상남도,4824,창원시마산회원구,합성1동,합성1동제1투,1789,1111,213,820,56,10,0,12,678
4800,경상남도,4824,창원시마산회원구,합성1동,합성1동제2투,3271,2284,580,1498,167,21,1,17,987
4800,경상남도,4824,창원시마산회원구,합성2동,관내사전투표,2105,2105,873,1038,165,16,1,12,0
4800,경상남도,4824,창원시마산회원구,합성2동,합성2동제1투,2142,1410,312,998,74,9,4,13,732
4800,경상남도,4824,창원시마산회원구,합성2동,합성2동제2투,3142,2041,471,1376,155,19,5,15,1101
4800,경상남도,4824,창원시마산회원구,구암1동,관내사전투표,1613,1613,742,751,82,25,1,12,0
4800,경상남도,4824,창원시마산회원구,구암1동,구암1동제1투,1705,1131,256,801,55,7,0,12,574
4800,경상남도,4824,창원시마산회원구,구암1동,구암1동제2투,1383,997,243,686,49,7,3,9,386
4800,경상남도,4824,창원시마산회원구,구암1동,구암1동제3투,2312,1694,459,1107,89,25,2,12,618
4800,경상남도,4824,창원시마산회원구,구암2동,관내사전투표,1480,1480,720,632,99,15,2,12,0
4800,경상남도,4824,창원시마산회원구,구암2동,구암2동제1투,1952,1399,376,892,101,17,2,11,553
4800,경상남도,4824,창원시마산회원구,구암2동,구암2동제2투,2345,1654,457,1057,103,18,4,15,691
4800,경상남도,4824,창원시마산회원구,구암2동,구암2동제3투,1194,859,211,576,59,8,0,5,335
4800,경상남도,4824,창원시마산회원구,봉암동,관내사전투표,905,905,476,339,68,10,1,11,0
4800,경상남도,4824,창원시마산회원구,봉암동,봉암동제1투,818,519,141,338,32,4,1,3,299
4800,경상남도,4824,창원시마산회원구,봉암동,봉암동제2투,1108,711,163,496,40,5,1,6,397
4800,경상남도,4825,창원시진해구,충무동,관내사전투표,3075,3075,1465,1083,436,25,10,56,0
4800,경상남도,4825,창원시진해구,충무동,충무동제1투,2747,1833,390,1336,77,16,1,13,914
4800,경상남도,4825,창원시진해구,충무동,충무동제2투,2923,1880,515,1101,223,18,3,20,1043
4800,경상남도,4825,창원시진해구,충무동,충무동제3투,1784,1263,300,874,66,10,1,12,521
4800,경상남도,4825,창원시진해구,충무동,충무동제4투,1723,1285,355,840,67,4,1,18,438
4800,경상남도,4825,창원시진해구,여좌동,관내사전투표,1844,1844,814,865,133,12,1,19,0
4800,경상남도,4825,창원시진해구,여좌동,여좌동제1투,930,634,137,461,28,4,1,3,296
4800,경상남도,4825,창원시진해구,여좌동,여좌동제2투,1766,1166,249,844,58,9,0,6,600
4800,경상남도,4825,창원시진해구,여좌동,여좌동제3투,2265,1570,351,1110,77,11,3,18,695
4800,경상남도,4825,창원시진해구,태백동,관내사전투표,1080,1080,487,528,58,3,0,4,0
4800,경상남도,4825,창원시진해구,태백동,태백동제1투,1670,1086,227,792,52,7,1,7,584
4800,경상남도,4825,창원시진해구,태백동,태백동제2투,577,389,86,270,28,3,0,2,188
4800,경상남도,4825,창원시진해구,경화동,관내사전투표,2300,2300,1176,921,160,23,1,19,0
4800,경상남도,4825,창원시진해구,경화동,경화동제1투,2072,1292,290,923,59,11,0,9,780
4800,경상남도,4825,창원시진해구,경화동,경화동제2투,3730,2550,760,1535,209,31,4,11,1180
4800,경상남도,4825,창원시진해구,병암동,관내사전투표,1736,1736,885,690,118,30,4,9,0
4800,경상남도,4825,창원시진해구,병암동,병암동제1투,1852,1288,386,817,68,6,0,11,564
4800,경상남도,4825,창원시진해구,병암동,병암동제2투,2099,1332,365,848,88,18,1,12,767
4800,경상남도,4825,창원시진해구,석동,관내사전투표,3281,3281,1833,1107,281,29,1,30,0
4800,경상남도,4825,창원시진해구,석동,석동제1투,3345,2078,611,1267,160,27,4,9,1267
4800,경상남도,4825,창원시진해구,석동,석동제2투,3278,2299,754,1306,204,26,0,9,979
4800,경상남도,4825,창원시진해구,석동,석동제3투,2953,2330,802,1319,179,26,1,3,623
4800,경상남도,4825,창원시진해구,이동,관내사전투표,1550,1550,757,674,92,18,1,8,0
4800,경상남도,4825,창원시진해구,이동,이동제1투,1889,1132,279,747,82,12,0,12,757
4800,경상남도,4825,창원시진해구,이동,이동제2투,1609,1011,243,690,60,14,1,3,598
4800,경상남도,4825,창원시진해구,이동,이동제3투,1886,1303,309,898,74,10,0,12,583
4800,경상남도,4825,창원시진해구,자은동,관내사전투표,3324,3324,1820,1224,224,38,4,14,0
4800,경상남도,4825,창원시진해구,자은동,자은동제1투,2324,1547,387,1030,107,12,1,10,777
4800,경상남도,4825,창원시진해구,자은동,자은동제2투,3065,2060,612,1255,149,26,3,15,1005
4800,경상남도,4825,창원시진해구,자은동,자은동제3투,3119,2548,1153,1139,203,35,0,18,571
4800,경상남도,4825,창원시진해구,자은동,자은동제4투,2964,2155,742,1218,152,23,5,15,809
4800,경상남도,4825,창원시진해구,덕산동,관내사전투표,2042,2042,1048,804,156,17,4,13,0
4800,경상남도,4825,창원시진해구,덕산동,덕산동제1투,2991,2053,596,1277,150,20,0,10,938
4800,경상남도,4825,창원시진해구,덕산동,덕산동제2투,2183,1430,384,933,89,11,2,11,753
4800,경상남도,4825,창원시진해구,풍호동,관내사전투표,4533,4533,2580,1484,385,44,11,29,0
4800,경상남도,4825,창원시진해구,풍호동,풍호동제1투,3040,2185,622,1392,131,24,1,15,855
4800,경상남도,4825,창원시진해구,풍호동,풍호동제2투,2660,1988,577,1250,115,29,4,13,672
4800,경상남도,4825,창원시진해구,풍호동,풍호동제3투,3693,2691,957,1492,184,33,2,23,1002
4800,경상남도,4825,창원시진해구,풍호동,풍호동제4투,3616,2793,1125,1378,237,29,1,23,823
4800,경상남도,4825,창원시진해구,웅천동,관내사전투표,2590,2590,1402,977,174,16,2,19,0
4800,경상남도,4825,창원시진해구,웅천동,웅천동제1투,1729,1072,208,795,54,11,0,4,657
4800,경상남도,4825,창원시진해구,웅천동,웅천동제2투,2990,2175,803,1143,185,24,1,19,815
4800,경상남도,4825,창원시진해구,웅천동,웅천동제3투,2735,1824,638,979,161,26,4,16,911
4800,경상남도,4825,창원시진해구,웅동1동,관내사전투표,1754,1754,975,625,131,6,3,14,0
4800,경상남도,4825,창원시진해구,웅동2동,관내사전투표,6778,6778,4498,1781,412,49,4,34,0
4800,경상남도,4825,창원시진해구,웅동2동,웅동2동제1투,1399,740,228,461,36,8,2,5,659
4800,경상남도,4803,진주시,문산읍,관내사전투표,2596,2596,1335,981,231,27,5,17,0
4800,경상남도,4803,진주시,내동면,관내사전투표,1529,1529,766,608,128,15,0,12,0
4800,경상남도,4803,진주시,정촌면,관내사전투표,2429,2429,1197,987,193,32,1,19,0
4800,경상남도,4803,진주시,금곡면,관내사전투표,593,593,250,292,34,11,0,6,0
4800,경상남도,4803,진주시,금곡면,금곡면투표소,1300,874,139,695,27,2,0,11,426
4800,경상남도,4803,진주시,일반성면,관내사전투표,1023,1023,431,527,47,6,1,11,0
4800,경상남도,4803,진주시,일반성면,일반성면투표소,1412,930,202,683,27,5,3,10,482
4800,경상남도,4803,진주시,이반성면,관내사전투표,424,424,185,202,23,8,1,5,0
4800,경상남도,4803,진주시,사봉면,관내사전투표,607,607,268,276,53,3,0,7,0
4800,경상남도,4803,진주시,사봉면,사봉면투표소,735,489,105,356,21,1,0,6,246
4800,경상남도,4803,진주시,지수면,관내사전투표,464,464,228,206,21,4,1,4,0
4800,경상남도,4803,진주시,지수면,지수면투표소,767,463,99,333,20,4,1,6,304
4800,경상남도,4803,진주시,대곡면,관내사전투표,1009,1009,417,525,49,7,0,11,0
4800,경상남도,4803,진주시,대곡면,대곡면투표소,1849,1166,200,902,46,8,1,9,683
4800,경상남도,4803,진주시,금산면,관내사전투표,3955,3955,2182,1452,255,35,2,29,0
4800,경상남도,4803,진주시,금산면,금산면제3투,2002,1443,400,925,84,18,4,12,559
4800,경상남도,4803,진주시,집현면,관내사전투표,1162,1162,437,628,67,13,2,15,0
4800,경상남도,4803,진주시,미천면,관내사전투표,320,320,102,195,15,2,0,6,0
4800,경상남도,4803,진주시,미천면,미천면투표소,915,581,99,454,12,5,1,10,334
4800,경상남도,4803,진주시,명석면,관내사전투표,1226,1226,472,674,59,7,1,13,0
4800,경상남도,4803,진주시,대평면,관내사전투표,366,366,114,224,19,3,1,5,0
4800,경상남도,4803,진주시,수곡면,수곡면투표소,1298,860,160,663,23,3,0,11,438
4800,경상남도,4803,진주시,천전동,관내사전투표,5439,5439,2441,2389,524,36,9,40,0
4800,경상남도,4803,진주시,천전동,천전동제1투,1280,898,159,692,36,6,1,4,382
4800,경상남도,4803,진주시,천전동,천전동제4투,1752,1326,363,816,122,8,3,14,426
4800,경상남도,4803,진주시,천전동,천전동제6투,2206,1499,312,1069,88,15,0,15,707
4800,경상남도,4803,진주시,성북동,관내사전투표,2593,2593,1141,1181,213,24,2,32,0
4800,경상남도,4822,창원시성산구,중앙동,관내사전투표,1875,1875,635,1122,92,9,2,15,0
4800,경상남도,4822,창원시성산구,중앙동,중앙동제1투,1987,1322,194,1075,36,5,1,11,665
4800,경상남도,4822,창원시성산구,중앙동,중앙동제2투,2034,1388,236,1088,45,11,0,8,646
4800,경상남도,4822,창원시성산구,중앙동,중앙동제3투,1320,799,121,641,25,1,1,10,521
4800,경상남도,4822,창원시성산구,중앙동,중앙동제4투,1525,986,180,743,51,4,3,5,539
4800,경상남도,4803,진주시,상봉동,관내사전투표,3440,3440,1339,1860,180,27,6,28,0
4800,경상남도,4803,진주시,상봉동,상봉동제1투,1609,985,171,754,46,8,2,4,624
4800,경상남도,4803,진주시,하대동,하대동제1투,1890,1360,349,914,70,17,2,8,530
4800,경상남도,4803,진주시,하대동,하대동제2투,2129,1395,286,991,92,12,1,13,734
4800,경상남도,4803,진주시,평거동,관내사전투표,4457,4457,2307,1731,334,46,6,33,0
4800,경상남도,4803,진주시,신안동,관내사전투표,3161,3161,1430,1403,279,24,4,21,0
4800,경상남도,4803,진주시,신안동,신안동제2투,1994,1392,308,994,74,9,0,7,602
4800,경상남도,4803,진주시,이현동,이현동제3투,1431,992,211,734,35,7,1,4,439
4800,경상남도,4803,진주시,판문동,관내사전투표,4052,4052,2220,1467,303,30,7,25,0
4800,경상남도,4803,진주시,판문동,판문동제3투,1789,1206,364,744,78,14,0,6,583
4800,경상남도,4805,통영시,산양읍,관내사전투표,1026,1026,433,532,39,12,2,8,0
4800,경상남도,4805,통영시,산양읍,산양읍제1투,1745,1079,253,774,31,7,5,9,666
4800,경상남도,4805,통영시,산양읍,산양읍제2투,452,287,51,222,9,2,0,3,165
4800,경상남도,4805,통영시,산양읍,산양읍제3투,161,102,11,89,2,0,0,0,59
4800,경상남도,4805,통영시,산양읍,산양읍제4투,69,47,6,41,0,0,0,0,22
4800,경상남도,4805,통영시,용남면,관내사전투표,2420,2420,1211,1011,159,20,2,17,0
4800,경상남도,4805,통영시,용남면,용남면제1투,2210,1405,437,863,84,12,3,6,805
4800,경상남도,4805,통영시,용남면,용남면제2투,2241,1474,338,1051,65,9,3,8,767
4800,경상남도,4805,통영시,용남면,용남면제3투,148,94,8,82,4,0,0,0,54
4800,경상남도,4805,통영시,용남면,용남면제4투,1648,1032,272,705,49,2,0,4,616
4800,경상남도,4805,통영시,도산면,관내사전투표,829,829,379,391,43,10,1,5,0
4800,경상남도,4805,통영시,도산면,도산면제1투,1259,837,160,648,21,3,2,3,422
4800,경상남도,4805,통영시,도산면,도산면제2투,406,300,50,233,11,0,2,4,106
4800,경상남도,4805,통영시,광도면,관내사전투표,6440,6440,3710,2128,487,65,8,42,0
4800,경상남도,4805,통영시,광도면,광도면제1투,1117,777,195,544,23,2,2,11,340
4800,경상남도,4805,통영시,광도면,광도면제2투,2603,1787,748,922,89,13,2,13,816
4800,경상남도,4805,통영시,광도면,광도면제3투,1871,1281,380,825,60,9,1,6,590
4800,경상남도,4805,통영시,광도면,광도면제4투,3136,1817,532,1154,105,12,3,11,1319
4800,경상남도,4805,통영시,광도면,광도면제5투,2243,1593,517,950,96,20,0,10,650
4800,경상남도,4805,통영시,광도면,광도면제6투,2029,1377,492,763,100,15,5,2,652
4800,경상남도,4805,통영시,광도면,광도면제7투,2160,1308,409,775,97,13,1,13,852
4800,경상남도,4805,통영시,욕지면,관내사전투표,481,481,258,198,22,2,0,1,0
4800,경상남도,4805,통영시,욕지면,욕지면제1투,681,402,75,313,10,0,2,2,279
4800,경상남도,4805,통영시,욕지면,욕지면제2투,144,97,22,67,3,0,1,4,47
4800,경상남도,4805,통영시,욕지면,욕지면제3투,183,136,18,113,3,2,0,0,47
4800,경상남도,4805,통영시,한산면,관내사전투표,346,346,143,176,20,3,0,4,0
4800,경상남도,4805,통영시,한산면,한산면제1투,809,538,83,434,8,0,2,11,271
4800,경상남도,4805,통영시,한산면,한산면제2투,125,99,19,78,0,0,0,2,26
4800,경상남도,4805,통영시,한산면,한산면제3투,87,51,14,31,3,1,0,2,36
4800,경상남도,4805,통영시,사량면,관내사전투표,534,534,187,310,19,7,1,10,0
4800,경상남도,4805,통영시,사량면,사량면투표소,606,360,63,282,7,3,0,5,246
4800,경상남도,4805,통영시,도천동,관내사전투표,1279,1279,550,632,70,9,3,15,0
4800,경상남도,4805,통영시,도천동,도천동제1투,1579,1038,193,796,26,10,2,11,541
4800,경상남도,4805,통영시,도천동,도천동제2투,1316,804,170,588,33,3,1,9,512
4800,경상남도,4805,통영시,도천동,도천동제3투,1557,1071,251,722,74,11,0,13,486
4800,경상남도,4805,통영시,도천동,도천동제4투,915,625,145,436,32,3,1,8,290
4800,경상남도,4805,통영시,명정동,관내사전투표,1371,1371,514,769,73,7,1,7,0
4800,경상남도,4805,통영시,명정동,명정동제1투,767,500,72,402,21,0,0,5,267
4800,경상남도,4805,통영시,명정동,명정동제2투,740,444,70,348,18,5,0,3,296
4800,경상남도,4822,창원시성산구,중앙동,관내사전투표,1067,1067,442,556,51,9,0,9,0
4800,경상남도,4822,창원시성산구,중앙동,중앙동투표소,2137,1366,226,1087,36,5,2,10,771
4800,경상남도,4805,통영시,정량동,관내사전투표,1602,1602,675,841,62,12,3,9,0
4800,경상남도,4805,통영시,정량동,정량동제1투,1460,885,157,696,23,4,0,5,575
4800,경상남도,4805,통영시,정량동,정량동제2투,1742,1113,209,859,29,4,1,11,629
4800,경상남도,4805,통영시,정량동,정량동제3투,1697,1079,251,767,45,7,1,8,618
4800,경상남도,4805,통영시,북신동,관내사전투표,2310,2310,983,1164,120,15,7,21,0
4800,경상남도,4805,통영시,북신동,북신동제1투,2286,1684,362,1224,73,8,2,15,602
4800,경상남도,4805,통영시,북신동,북신동제2투,1514,974,177,755,24,10,1,7,540
4800,경상남도,4805,통영시,북신동,북신동제3투,1985,1389,315,989,64,10,1,10,596
4800,경상남도,4805,통영시,무전동,관내사전투표,3896,3896,1885,1637,298,38,4,34,0
4800,경상남도,4805,통영시,무전동,무전동제1투,2670,1592,387,1119,67,5,0,14,1078
4800,경상남도,4805,통영시,무전동,무전동제2투,2364,1663,432,1110,99,11,2,9,701
4800,경상남도,4805,통영시,무전동,무전동제3투,2279,1691,485,1069,107,11,0,19,588
4800,경상남도,4805,통영시,미수동,관내사전투표,2424,2424,1161,1093,142,13,1,14,0
4800,경상남도,4805,통영시,미수동,미수동제1투,1358,853,205,606,34,5,0,3,505
4800,경상남도,4805,통영시,미수동,미수동제2투,1647,1058,293,691,55,12,0,7,589
4800,경상남도,4805,통영시,미수동,미수동제3투,1038,652,179,419,43,8,0,3,386
4800,경상남도,4805,통영시,미수동,미수동제4투,1329,906,225,619,47,4,3,8,423
4800,경상남도,4805,통영시,봉평동,관내사전투표,2229,2229,1075,994,126,16,2,16,0
4800,경상남도,4805,통영시,봉평동,봉평동제1투,1453,945,252,635,46,3,1,8,508
4800,경상남도,4805,통영시,봉평동,봉평동제2투,1669,1067,255,727,51,12,2,20,602
4800,경상남도,4805,통영시,봉평동,봉평동제3투,1343,781,161,585,28,2,1,4,562
4800,경상남도,4805,통영시,봉평동,봉평동제4투,1189,752,176,534,31,7,0,4,437
4800,경상남도,4806,고성군,고성읍,관내사전투표,5216,5216,2537,2285,293,51,4,46,0
4800,경상남도,4806,고성군,고성읍,고성읍제1투,2286,1438,329,1001,81,12,1,14,848
4800,경상남도,4806,고성군,고성읍,고성읍제2투,3444,2274,548,1566,127,12,1,20,1170
4800,경상남도,4806,고성군,고성읍,고성읍제3투,1775,1174,366,723,61,14,0,10,601
4800,경상남도,4806,고성군,고성읍,고성읍제4투,1362,868,182,644,30,2,1,9,494
4800,경상남도,4806,고성군,고성읍,고성읍제5투,1887,1173,311,784,57,10,2,9,714
4800,경상남도,4806,고성군,고성읍,고성읍제6투,809,537,122,391,14,3,0,7,272
4800,경상남도,4806,고성군,고성읍,고성읍제7투,888,577,122,431,17,5,0,2,311
4800,경상남도,4806,고성군,삼산면,관내사전투표,460,460,212,216,21,8,0,3,0
4800,경상남도,4806,고성군,삼산면,삼산면투표소,913,596,114,464,6,4,0,8,317
4800,경상남도,4806,고성군,하일면,관내사전투표,414,414,140,245,23,4,1,1,0
4800,경상남도,4806,고성군,하일면,하일면투표소,1036,674,79,559,19,5,1,11,362
4800,경상남도,4806,고성군,하이면,관내사전투표,582,582,230,321,26,2,1,2,0
4800,경상남도,4806,고성군,하이면,하이면투표소,1452,955,166,745,30,6,2,6,497
4800,경상남도,4806,고성군,상리면,관내사전투표,436,436,204,208,17,3,0,4,0
4800,경상남도,4806,고성군,상리면,상리면투표소,878,570,118,433,18,0,0,1,308
4800,경상남도,4806,고성군,대가면,관내사전투표,507,507,254,220,28,5,0,0,0
4800,경상남도,4806,고성군,대가면,대가면투표소,963,664,116,524,12,7,1,4,299
4800,경상남도,4806,고성군,영현면,관내사전투표,217,217,75,134,7,1,0,0,0
4800,경상남도,4806,고성군,영현면,영현면투표소,505,346,77,257,8,2,0,2,159
4800,경상남도,4806,고성군,영오면,관내사전투표,323,323,112,186,19,2,0,4,0
4800,경상남도,4806,고성군,영오면,영오면투표소,776,521,103,396,12,5,0,5,255
4800,경상남도,4806,고성군,개천면,관내사전투표,196,196,82,104,7,1,1,1,0
4800,경상남도,4806,고성군,개천면,개천면제1투,392,268,49,209,5,0,0,5,124
4800,경상남도,4806,고성군,개천면,개천면제2투,229,165,24,136,3,0,0,2,64
4800,경상남도,4806,고성군,구만면,관내사전투표,278,278,153,116,6,0,0,3,0
4800,경상남도,4806,고성군,구만면,구만면투표소,557,377,105,257,10,1,0,4,180
4800,경상남도,4806,고성군,회화면,관내사전투표,914,914,353,508,37,5,1,10,0
4800,경상남도,4806,고성군,회화면,회화면투표소,1916,1258,198,1004,38,8,0,10,658
4800,경상남도,4806,고성군,마암면,관내사전투표,397,397,152,214,23,5,0,3,0
4800,경상남도,4806,고성군,마암면,마암면투표소,941,586,141,417,9,7,0,12,355
4800,경상남도,4806,고성군,동해면,관내사전투표,616,616,241,341,24,4,1,5,0
4800,경상남도,4806,고성군,동해면,동해면제1투,923,570,108,438,13,0,1,10,353
4800,경상남도,4806,고성군,동해면,동해면제2투,787,515,92,401,18,2,0,2,272
4800,경상남도,4806,고성군,거류면,관내사전투표,893,893,360,479,42,5,0,7,0
4800,경상남도,4806,고성군,거류면,거류면제1투,1678,1066,220,779,44,7,1,15,612
4800,경상남도,4806,고성군,거류면,거류면제2투,895,618,134,452,21,4,1,6,277
4800,경상남도,4807,사천시,사천읍,관내사전투표,4687,4687,2460,1682,452,49,6,38,0
4800,경상남도,4807,사천시,사천읍,사천읍제1투,3107,1965,549,1243,142,14,5,12,1142
4800,경상남도,4807,사천시,사천읍,사천읍제2투,2767,1796,474,1132,151,21,1,17,971
4800,경상남도,4807,사천시,사천읍,사천읍제3투,3740,2182,473,1569,111,13,0,16,1558
4800,경상남도,4807,사천시,정동면,관내사전투표,1394,1394,750,519,100,15,1,9,0
4800,경상남도,4807,사천시,정동면,정동면제1투,2982,2116,680,1251,148,20,2,15,866
4800,경상남도,4807,사천시,정동면,정동면제2투,2164,1468,500,788,151,13,2,14,696
4800,경상남도,4807,사천시,정동면,정동면제3투,2108,1337,377,877,61,15,0,7,771
4800,경상남도,4807,사천시,사남면,관내사전투표,3816,3816,2237,1194,306,41,5,33,0
4800,경상남도,4807,사천시,사남면,사남면제1투,3159,2079,530,1364,137,20,3,25,1080
4800,경상남도,4807,사천시,사남면,사남면제2투,3160,2150,726,1156,221,26,1,20,1010
4800,경상남도,4807,사천시,사남면,사남면제3투,3026,2121,852,1062,164,24,2,17,905
4800,경상남도,4807,사천시,용현면,관내사전투표,1831,1830,865,812,104,25,3,21,1
4800,경상남도,4807,사천시,용현면,용현면제1투,1466,834,223,555,45,3,1,7,632
4800,경상남도,4807,사천시,용현면,용현면제2투,2106,1321,265,964,63,14,2,13,785
4800,경상남도,4807,사천시,축동면,관내사전투표,643,643,279,314,41,4,0,5,0
4800,경상남도,4807,사천시,축동면,축동면투표소,948,651,87,535,23,2,0,4,297
4800,경상남도,4807,사천시,곤양면,관내사전투표,861,861,325,461,36,8,5,26,0
4800,경상남도,4807,사천시,곤양면,곤양면제1투,1335,872,185,642,31,6,1,7,463
4800,경상남도,4807,사천시,곤양면,곤양면제2투,559,385,80,290,11,0,0,4,174
4800,경상남도,4807,사천시,곤명면,관내사전투표,598,598,235,321,35,2,0,5,0
4800,경상남도,4807,사천시,곤명면,곤명면투표소,1559,1045,204,798,25,5,1,12,514
4800,경상남도,4807,사천시,서포면,관내사전투표,949,949,365,527,40,5,3,9,0
4800,경상남도,4807,사천시,서포면,서포면투표소,1945,1150,194,907,26,8,3,12,795
4800,경상남도,4807,사천시,동서동,관내사전투표,1273,1273,343,866,39,10,1,14,0
4800,경상남도,4807,사천시,동서동,동서동제1투,1173,759,105,624,17,5,2,6,414
4800,경상남도,4807,사천시,동서동,동서동제2투,1139,752,105,619,15,2,1,10,387
4800,경상남도,4807,사천시,동서동,동서동제3투,960,652,105,522,16,4,0,5,308
4800,경상남도,4807,사천시,동서동,동서동제4투,167,123,14,107,1,1,0,0,44
4800,경상남도,4807,사천시,선구동,관내사전투표,1030,1030,357,610,53,4,0,6,0
4800,경상남도,4807,사천시,선구동,선구동제1투,1656,1024,137,831,42,8,0,6,632
4800,경상남도,4807,사천시,선구동,선구동제2투,1183,729,154,526,44,2,1,2,454
4800,경상남도,4807,사천시,동서금동,관내사전투표,1878,1878,734,1001,117,10,2,14,0
4800,경상남도,4807,사천시,동서금동,동서금동제1투,2427,1629,369,1155,79,8,6,12,798
4800,경상남도,4807,사천시,동서금동,동서금동제2투,938,589,104,461,21,2,0,1,349
4800,경상남도,4807,사천시,벌용동,관내사전투표,3371,3371,1591,1506,210,41,2,21,0
4800,경상남도,4807,사천시,벌용동,벌용동제1투,2275,1610,486,1008,89,15,3,9,665
4800,경상남도,4807,사천시,벌용동,벌용동제2투,1651,1123,206,852,44,12,1,8,528
4800,경상남도,4807,사천시,벌용동,벌용동제3투,2539,1618,342,1176,67,20,1,12,921
4800,경상남도,4807,사천시,벌용동,벌용동제4투,1911,1290,308,885,69,13,0,15,621
4800,경상남도,4807,사천시,향촌동,관내사전투표,1942,1942,865,902,121,25,5,24,0
4800,경상남도,4807,사천시,향촌동,향촌동제1투,2689,1692,381,1189,89,11,3,19,997
4800,경상남도,4807,사천시,향촌동,향촌동제2투,1034,632,130,465,32,2,1,2,402
4800,경상남도,4807,사천시,남양동,관내사전투표,1503,1503,661,752,64,11,1,14,0
4800,경상남도,4807,사천시,남양동,남양동투표소,2626,1725,337,1302,56,12,6,12,901
4800,경상남도,4808,김해시,진영읍,진영읍제2투,2944,1883,799,924,128,18,3,11,1061
4800,경상남도,4808,김해시,진영읍,진영읍제3투,3240,2072,919,934,171,25,2,21,1168
4800,경상남도,4808,김해시,진영읍,진영읍제4투,3395,2430,1174,1019,180,36,4,17,965
4800,경상남도,4808,김해시,진영읍,진영읍제7투,2838,1608,618,826,137,14,1,12,1230
4800,경상남도,4808,김해시,진영읍,진영읍제8투,2539,1428,526,797,83,12,2,8,1111
4800,경상남도,4808,김해시,진영읍,진영읍제9투,3459,2176,932,1051,152,12,6,23,1283
4800,경상남도,4808,김해시,진영읍,진영읍제10투,1453,885,319,527,31,5,0,3,568
4800,경상남도,4808,김해시,진영읍,진영읍제11투,2924,2211,1031,957,180,31,4,8,713
4800,경상남도,4808,김해시,주촌면,관내사전투표,3765,3765,2431,1033,250,31,5,15,0
4800,경상남도,4808,김해시,주촌면,주촌면제3투,3182,2536,1186,1077,229,30,1,13,646
4800,경상남도,4808,김해시,진례면,관내사전투표,2327,2327,1347,800,149,16,3,12,0
4800,경상남도,4808,김해시,진례면,진례면제1투,1695,1048,311,679,42,8,1,7,647
4800,경상남도,4808,김해시,한림면,관내사전투표,1880,1880,1109,619,107,13,4,28,0
4800,경상남도,4808,김해시,생림면,관내사전투표,1388,1388,765,531,72,13,1,6,0
4800,경상남도,4808,김해시,생림면,생림면제2투,1065,724,189,504,20,6,0,5,341
4800,경상남도,4808,김해시,상동면,관내사전투표,1172,1172,625,430,57,18,6,36,0
4800,경상남도,4808,김해시,상동면,상동면제1투,1284,765,174,558,24,5,0,4,519
4800,경상남도,4808,김해시,상동면,상동면제2투,515,354,95,235,19,1,2,2,161
4800,경상남도,4808,김해시,대동면,관내사전투표,964,964,531,382,34,8,0,9,0
4800,경상남도,4808,김해시,대동면,대동면제1투,1261,872,213,617,29,9,0,4,389
4800,경상남도,4808,김해시,대동면,대동면제2투,1187,802,169,591,30,7,1,4,385
4800,경상남도,4808,김해시,대동면,대동면제3투,938,675,154,503,12,4,1,1,263
4800,경상남도,4808,김해시,동상동,관내사전투표,2565,2565,1423,959,144,23,2,14,0
4800,경상남도,4808,김해시,동상동,동상동제1투,3066,1903,583,1178,110,13,2,17,1163
4800,경상남도,4808,김해시,회현동,관내사전투표,3227,3227,1769,1209,191,36,5,17,0
4800,경상남도,4808,김해시,회현동,회현동제1투,1901,1170,272,826,56,9,1,6,731
4800,경상남도,4808,김해시,회현동,회현동제2투,2883,2006,659,1164,134,27,4,18,877
4800,경상남도,4808,김해시,부원동,관내사전투표,3550,3550,2060,1097,319,44,2,28,0
4800,경상남도,4808,김해시,내외동,내외동제1투,3078,2034,801,1043,153,21,2,14,1044
4800,경상남도,4808,김해시,내외동,내외동제3투,1901,1135,401,616,87,13,6,12,766
4800,경상남도,4808,김해시,내외동,내외동제6투,3429,2518,949,1331,197,24,3,14,911
4800,경상남도,4808,김해시,내외동,내외동제7투,2284,1170,391,669,90,9,0,11,1114
4800,경상남도,4808,김해시,내외동,내외동제8투,2370,1537,572,796,136,14,6,13,833
4800,경상남도,4808,김해시,내외동,내외동제9투,2705,1922,757,995,129,18,5,18,783
4800,경상남도,4808,김해시,내외동,내외동제10투,2452,1664,638,871,117,27,2,9,788
4800,경상남도,4808,김해시,내외동,내외동제13투,3101,1858,662,1009,146,20,2,19,1243
4800,경상남도,4808,김해시,내외동,내외동제14투,3593,2314,892,1169,204,31,2,16,1279
4800,경상남도,4808,김해시,내외동,내외동제16투,2432,1878,888,772,170,28,3,17,554
4800,경상남도,4808,김해시,북부동,북부동제3투,2775,1899,673,1073,115,18,2,18,876
4800,경상남도,4808,김해시,북부동,북부동제7투,3255,2485,854,1405,174,34,5,13,770
4800,경상남도,4808,김해시,북부동,북부동제9투,1726,1108,380,613,96,11,0,8,618
4800,경상남도,4808,김해시,칠산서부동,관내사전투표,3046,3046,1844,982,171,29,2,18,0
4800,경상남도,4808,김해시,칠산서부동,칠산서부동제3투,1690,1123,387,648,72,9,0,7,567
4800,경상남도,4808,김해시,활천동,관내사전투표,5836,5836,3531,1812,397,47,6,43,0
4800,경상남도,4808,김해시,활천동,활천동제1투,3080,1817,633,1062,97,10,2,13,1263
4800,경상남도,4808,김해시,활천동,활천동제3투,2939,1893,602,1116,126,24,4,21,1046
4800,경상남도,4808,김해시,활천동,활천동제4투,4011,2411,856,1358,163,15,4,15,1600
4800,경상남도,4808,김해시,활천동,활천동제6투,3126,2263,895,1164,163,18,5,18,863
4800,경상남도,4808,김해시,활천동,활천동제7투,3244,1825,681,995,107,27,2,13,1419
4800,경상남도,4808,김해시,삼안동,관내사전투표,7880,7880,4690,2486,576,50,8,70,0
4800,경상남도,4808,김해시,삼안동,삼안동제1투,2964,1762,625,947,157,15,2,16,1202
4800,경상남도,4808,김해시,삼안동,삼안동제2투,4274,3213,1287,1511,358,29,0,28,1061
4800,경상남도,4808,김해시,삼안동,삼안동제5투,2870,2092,781,1081,183,31,2,14,778
4800,경상남도,4808,김해시,삼안동,삼안동제7투,2142,1353,488,756,86,14,0,9,789
4800,경상남도,4808,김해시,삼안동,삼안동제8투,2436,1301,387,778,109,12,0,15,1135
4800,경상남도,4808,김해시,불암동,관내사전투표,1935,1935,1237,566,107,8,3,14,0
4800,경상남도,4808,김해시,장유1동,관내사전투표,9549,9549,6152,2566,695,78,4,54,0
4800,경상남도,4808,김해시,장유1동,장유1동제1투,3632,2719,1272,1147,231,40,6,23,913
4800,경상남도,4808,김해시,장유1동,장유1동제2투,3710,2552,1098,1222,182,27,2,21,1158
4800,경상남도,4808,김해시,장유1동,장유1동제4투,3272,2465,1127,1097,193,24,2,22,807
4800,경상남도,4808,김해시,장유1동,장유1동제5투,3433,2469,964,1266,191,24,3,21,964
4800,경상남도,4808,김해시,장유1동,장유1동제7투,4397,2798,1085,1415,241,30,4,23,1599
4800,경상남도,4808,김해시,장유1동,장유1동제8투,4240,2924,1196,1417,254,33,4,20,1316
4800,경상남도,4808,김해시,장유1동,장유1동제9투,3983,2729,1120,1306,252,27,3,21,1254
4800,경상남도,4808,김해시,장유2동,장유2동제2투,2814,1985,882,900,164,22,1,16,829
4800,경상남도,4808,김해시,장유2동,장유2동제3투,2335,1537,647,737,123,23,1,6,798
4800,경상남도,4808,김해시,장유2동,장유2동제4투,3256,2180,877,1081,169,32,3,18,1076
4800,경상남도,4808,김해시,장유2동,장유2동제5투,2950,1987,779,1025,139,24,1,19,963
4800,경상남도,4808,김해시,장유2동,장유2동제7투,3379,2396,942,1137,269,25,4,19,983
4800,경상남도,4808,김해시,장유3동,장유3동제9투,3808,3000,1417,1171,348,44,1,19,808
4800,경상남도,4808,김해시,장유3동,장유3동제11투,3013,2106,780,1014,254,33,2,23,907
4800,경상남도,4809,밀양시,삼랑진읍,관내사전투표,1312,1312,570,663,55,9,4,11,0
4800,경상남도,4809,밀양시,삼랑진읍,삼랑진읍제1투,1742,1128,192,880,39,9,0,8,614
4800,경상남도,4809,밀양시,삼랑진읍,삼랑진읍제2투,1266,698,128,527,22,4,3,14,568
4800,경상남도,4809,밀양시,삼랑진읍,삼랑진읍제3투,996,706,148,516,31,3,1,7,290
4800,경상남도,4809,밀양시,하남읍,관내사전투표,1775,1775,812,860,80,8,2,13,0
4800,경상남도,4809,밀양시,하남읍,하남읍제1투,777,482,82,371,22,4,0,3,295
4800,경상남도,4809,밀양시,하남읍,하남읍제2투,921,533,116,379,33,1,0,4,388
4800,경상남도,4809,밀양시,하남읍,하남읍제3투,956,618,134,460,16,1,0,7,338
4800,경상남도,4809,밀양시,하남읍,하남읍제4투,1479,914,216,650,34,4,3,7,565
4800,경상남도,4809,밀양시,부북면,관내사전투표,1146,1146,477,599,60,7,0,3,0
4800,경상남도,4809,밀양시,부북면,부북면제1투,1064,693,150,508,32,1,0,2,371
4800,경상남도,4809,밀양시,부북면,부북면제2투,1104,742,138,560,28,10,1,5,362
4800,경상남도,4809,밀양시,부북면,부북면제3투,1142,728,129,553,33,3,1,9,414
4800,경상남도,4808,김해시,상동면,관내사전투표,819,819,348,437,23,1,1,9,0
4800,경상남도,4808,김해시,상동면,상동면제1투,1205,763,140,604,14,4,0,1,442
4800,경상남도,4808,김해시,상동면,상동면제2투,561,376,68,298,6,1,0,3,185
4800,경상남도,4809,밀양시,산외면,관내사전투표,960,960,424,472,52,4,0,8,0
4800,경상남도,4809,밀양시,산외면,산외면제1투,941,645,129,488,19,7,0,2,296
4800,경상남도,4809,밀양시,산외면,산외면제2투,665,444,81,345,12,3,0,3,221
4800,경상남도,4809,밀양시,산내면,관내사전투표,864,864,373,431,48,7,1,4,0
4800,경상남도,4809,밀양시,산내면,산내면제1투,1326,890,151,710,15,3,0,11,436
4800,경상남도,4809,밀양시,산내면,산내면제2투,892,628,146,449,21,3,0,9,264
4800,경상남도,4809,밀양시,단장면,관내사전투표,906,906,390,456,45,10,1,4,0
4800,경상남도,4809,밀양시,단장면,단장면제1투,732,509,98,385,16,3,1,6,223
4800,경상남도,4809,밀양시,단장면,단장면제2투,965,607,86,495,16,3,0,7,358
4800,경상남도,4809,밀양시,단장면,단장면제3투,840,591,112,456,18,1,0,4,249
4800,경상남도,4809,밀양시,상남면,관내사전투표,1143,1143,545,519,62,6,4,7,0
4800,경상남도,4809,밀양시,상남면,상남면제1투,1660,1139,274,803,45,4,1,12,521
4800,경상남도,4809,밀양시,상남면,상남면제2투,1599,1111,313,730,53,11,0,4,488
4800,경상남도,4809,밀양시,상남면,상남면제3투,1632,1019,202,775,22,6,2,12,613
4800,경상남도,4809,밀양시,초동면,관내사전투표,879,879,321,509,30,10,0,9,0
4800,경상남도,4809,밀양시,초동면,초동면투표소,1758,1073,210,819,36,5,0,3,685
4800,경상남도,4809,밀양시,무안면,관내사전투표,1210,1210,507,630,53,6,1,13,0
4800,경상남도,4809,밀양시,무안면,무안면제1투,1425,920,160,715,28,8,1,8,505
4800,경상남도,4809,밀양시,무안면,무안면제2투,1267,792,134,622,17,8,0,11,475
4800,경상남도,4809,밀양시,청도면,관내사전투표,517,517,222,263,22,6,0,4,0
4800,경상남도,4809,밀양시,청도면,청도면투표소,953,621,106,498,8,3,1,5,332
4800,경상남도,4809,밀양시,내일동,관내사전투표,829,829,319,468,33,4,1,4,0
4800,경상남도,4809,밀양시,내일동,내일동제1투,1264,795,154,601,28,8,0,4,469
4800,경상남도,4809,밀양시,내일동,내일동제2투,425,277,51,222,1,1,0,2,148
4800,경상남도,4809,밀양시,내이동,관내사전투표,2977,2977,1354,1397,161,32,4,29,0
4800,경상남도,4809,밀양시,내이동,내이동제1투,2312,1538,440,999,79,10,1,9,774
4800,경상남도,4809,밀양시,내이동,내이동제2투,1543,948,188,715,34,5,1,5,595
4800,경상남도,4809,밀양시,내이동,내이동제3투,2446,1381,354,907,97,12,2,9,1065
4800,경상남도,4809,밀양시,내이동,내이동제4투,3140,2130,682,1256,150,24,3,15,1010
4800,경상남도,4809,밀양시,교동,관내사전투표,2704,2704,1364,1065,218,32,4,21,0
4800,경상남도,4809,밀양시,교동,교동제1투,1142,813,216,549,37,3,0,8,329
4800,경상남도,4809,밀양시,교동,교동제2투,2171,1387,332,975,60,8,1,11,784
4800,경상남도,4809,밀양시,삼문동,관내사전투표,3863,3863,2051,1524,226,29,2,31,0
4800,경상남도,4809,밀양시,삼문동,삼문동제1투,1733,1267,338,849,58,13,0,9,466
4800,경상남도,4809,밀양시,삼문동,삼문동제2투,1514,952,213,681,44,8,2,4,562
4800,경상남도,4809,밀양시,삼문동,삼문동제3투,1981,1217,368,739,93,10,1,6,764
4800,경상남도,4809,밀양시,삼문동,삼문동제4투,2254,1541,422,1009,87,9,3,11,713
4800,경상남도,4809,밀양시,삼문동,삼문동제5투,2668,1809,618,1028,120,20,4,19,859
4800,경상남도,4809,밀양시,가곡동,관내사전투표,2425,2425,1126,1089,165,17,3,25,0
4800,경상남도,4809,밀양시,가곡동,가곡동제1투,2089,1306,316,905,71,4,1,9,783
4800,경상남도,4809,밀양시,가곡동,가곡동제2투,2338,1458,384,981,63,11,3,16,880
4800,경상남도,4810,거제시,일운면,관내사전투표,2447,2447,1381,891,128,26,1,20,0
4800,경상남도,4810,거제시,일운면,일운면제1투,3296,1933,590,1219,79,25,2,18,1363
4800,경상남도,4810,거제시,일운면,일운면제2투,675,433,91,313,19,2,1,7,242
4800,경상남도,4810,거제시,동부면,관내사전투표,951,951,457,427,52,8,0,7,0
4800,경상남도,4810,거제시,동부면,동부면투표소,1610,1083,180,853,34,8,2,6,527
4800,경상남도,4810,거제시,남부면,관내사전투표,367,367,168,167,24,3,0,5,0
4800,경상남도,4810,거제시,남부면,남부면투표소,830,548,83,448,9,1,0,7,282
4800,경상남도,4810,거제시,거제면,관내사전투표,2134,2134,1109,902,92,12,7,12,0
4800,경상남도,4810,거제시,거제면,거제면제1투,1891,1216,271,885,46,7,2,5,675
4800,경상남도,4810,거제시,거제면,거제면제2투,1992,1198,318,816,50,5,1,8,794
4800,경상남도,4810,거제시,둔덕면,관내사전투표,830,830,357,425,34,4,2,8,0
4800,경상남도,4810,거제시,둔덕면,둔덕면투표소,1524,1012,168,792,46,2,2,2,512
4800,경상남도,4810,거제시,사등면,관내사전투표,2022,2022,1084,800,108,13,1,16,0
4800,경상남도,4810,거제시,사등면,사등면제1투,1294,779,184,559,29,2,0,5,515
4800,경상남도,4810,거제시,사등면,사등면제2투,1311,852,170,642,24,4,1,11,459
4800,경상남도,4810,거제시,사등면,사등면제3투,736,546,86,437,15,5,1,2,190
4800,경상남도,4810,거제시,사등면,사등면제4투,3252,2148,748,1205,139,28,1,27,1104
4800,경상남도,4810,거제시,연초면,관내사전투표,1879,1879,1043,681,115,21,1,18,0
4800,경상남도,4810,거제시,연초면,연초면제1투,2381,1406,408,893,75,17,1,12,975
4800,경상남도,4810,거제시,연초면,연초면제2투,2175,1243,405,743,69,11,0,15,932
4800,경상남도,4810,거제시,연초면,연초면제3투,450,285,82,189,9,2,0,3,165
4800,경상남도,4810,거제시,하청면,관내사전투표,1260,1260,656,532,52,15,1,4,0
4800,경상남도,4810,거제시,하청면,하청면제1투,1711,1068,205,794,51,9,2,7,643
4800,경상남도,4810,거제시,하청면,하청면제2투,661,460,71,373,6,3,0,7,201
4800,경상남도,4810,거제시,장목면,관내사전투표,944,943,379,511,42,6,0,5,1
4800,경상남도,4810,거제시,장목면,장목면제1투,1675,1060,151,871,30,2,0,6,615
4800,경상남도,4810,거제시,장목면,장목면제2투,870,579,99,453,17,4,0,6,291
4800,경상남도,4810,거제시,장승포동,관내사전투표,1985,1985,1255,583,106,27,0,14,0
4800,경상남도,4810,거제시,장승포동,장승포동제1투,1497,840,231,543,55,5,1,5,657
4800,경상남도,4810,거제시,장승포동,장승포동제2투,1400,796,334,372,61,16,0,13,604
4800,경상남도,4810,거제시,능포동,관내사전투표,1927,1927,1311,473,103,27,1,12,0
4800,경상남도,4810,거제시,능포동,능포동제1투,1323,706,218,442,30,14,0,2,617
4800,경상남도,4810,거제시,능포동,능포동제2투,1866,1388,603,663,80,34,0,8,478
4800,경상남도,4810,거제시,능포동,능포동제3투,1751,1078,380,619,50,16,1,12,673
4800,경상남도,4810,거제시,아주동,관내사전투표,3901,3901,2803,744,278,52,2,22,0
4800,경상남도,4810,거제시,아주동,아주동제1투,3057,1642,783,681,139,22,0,17,1415
4800,경상남도,4810,거제시,아주동,아주동제2투,2122,1356,713,528,93,16,0,6,766
4800,경상남도,4810,거제시,아주동,아주동제3투,2526,1707,928,618,125,22,1,13,819
4800,경상남도,4810,거제시,아주동,아주동제4투,1804,1353,776,444,101,20,4,8,451
4800,경상남도,4810,거제시,아주동,아주동제5투,1727,1317,795,379,110,24,2,7,410
4800,경상남도,4810,거제시,아주동,아주동제6투,2088,1548,847,530,131,26,0,14,540
4800,경상남도,4810,거제시,옥포1동,관내사전투표,2834,2834,1839,768,171,33,2,21,0
4800,경상남도,4810,거제시,옥포1동,옥포1동제1투,2420,1351,524,702,101,16,0,8,1069
4800,경상남도,4810,거제시,옥포1동,옥포1동제2투,1582,912,310,534,55,10,0,3,670
4800,경상남도,4810,거제시,옥포2동,관내사전투표,4576,4576,3011,1192,305,42,3,23,0
4800,경상남도,4810,거제시,옥포2동,옥포2동제1투,1883,1070,378,608,61,15,2,6,813
4800,경상남도,4810,거제시,옥포2동,옥포2동제2투,2413,1480,574,780,93,20,1,12,933
4800,경상남도,4810,거제시,옥포2동,옥포2동제3투,2820,1987,954,835,138,32,2,26,833
4800,경상남도,4810,거제시,옥포2동,옥포2동제4투,1886,1125,397,648,54,14,1,11,761
4800,경상남도,4810,거제시,옥포2동,옥포2동제5투,3504,2056,917,947,141,40,0,11,1448
4800,경상남도,4810,거제시,옥포2동,옥포2동제6투,1156,760,293,409,44,8,1,5,396
4800,경상남도,4810,거제시,장평동,관내사전투표,6228,6228,3955,1671,484,55,11,52,0
4800,경상남도,4810,거제시,장평동,장평동제1투,1861,1039,354,600,66,9,0,10,822
4800,경상남도,4810,거제시,장평동,장평동제2투,2242,1290,509,654,101,18,2,6,952
4800,경상남도,4810,거제시,장평동,장평동제3투,2135,1057,334,608,97,9,1,8,1078
4800,경상남도,4810,거제시,장평동,장평동제4투,2293,1362,488,744,111,10,0,9,931
4800,경상남도,4810,거제시,장평동,장평동제5투,2628,1637,557,911,141,15,1,12,991
4800,경상남도,4810,거제시,고현동,관내사전투표,5719,5718,3321,1792,486,63,9,47,1
4800,경상남도,4810,거제시,고현동,고현동제1투,1436,794,200,531,52,4,0,7,642
4800,경상남도,4810,거제시,고현동,고현동제2투,2307,1383,295,990,71,12,3,12,924
4800,경상남도,4810,거제시,고현동,고현동제3투,3964,2676,982,1401,241,27,4,21,1288
4800,경상남도,4810,거제시,고현동,고현동제4투,1616,970,309,591,51,6,3,10,646
4800,경상남도,4810,거제시,고현동,고현동제5투,1574,932,237,635,46,5,0,9,642
4800,경상남도,4810,거제시,고현동,고현동제6투,3331,2344,1023,1116,166,23,3,13,987
4800,경상남도,4810,거제시,고현동,고현동제7투,2219,1632,692,790,120,15,8,7,587
4800,경상남도,4810,거제시,고현동,고현동제8투,2319,1730,796,759,136,21,6,12,589
4800,경상남도,4810,거제시,고현동,고현동제9투,2744,1900,872,838,142,26,3,19,844
4800,경상남도,4810,거제시,상문동,관내사전투표,6308,6306,4337,1379,472,69,3,46,2
4800,경상남도,4810,거제시,상문동,상문동제1투,2141,1303,451,741,87,11,1,12,838
4800,경상남도,4810,거제시,상문동,상문동제2투,2618,1953,915,815,161,38,6,18,665
4800,경상남도,4810,거제시,상문동,상문동제3투,4255,2683,1071,1306,239,36,4,27,1572
4800,경상남도,4810,거제시,상문동,상문동제4투,3284,2156,908,1041,161,30,2,14,1128
4800,경상남도,4810,거제시,상문동,상문동제5투,4076,2704,1290,1110,229,42,7,26,1372
4800,경상남도,4810,거제시,수양동,관내사전투표,5502,5500,3681,1308,415,58,4,34,2
4800,경상남도,4810,거제시,수양동,수양동제1투,2039,1494,648,690,130,21,0,5,545
4800,경상남도,4810,거제시,수양동,수양동제2투,2583,1639,505,983,124,13,1,13,944
4800,경상남도,4810,거제시,수양동,수양동제3투,2296,1692,692,831,140,17,3,9,604
4800,경상남도,4810,거제시,수양동,수양동제4투,3314,2242,892,1115,195,26,3,11,1072
4800,경상남도,4811,의령군,의령읍,관내사전투표,2237,2237,1069,1004,130,16,2,16,0
4800,경상남도,4811,의령군,의령읍,의령읍제1투,1918,1249,281,900,47,9,1,11,669
4800,경상남도,4811,의령군,의령읍,의령읍제2투,2725,1793,474,1206,83,14,3,13,932
4800,경상남도,4811,의령군,가례면,관내사전투표,542,542,212,268,27,7,4,24,0
4800,경상남도,4811,의령군,가례면,가례면투표소,885,555,98,429,16,2,0,10,330
4800,경상남도,4811,의령군,칠곡면,관내사전투표,338,338,137,179,15,3,1,3,0
4800,경상남도,4811,의령군,칠곡면,칠곡면투표소,603,380,76,282,16,1,0,5,223
4800,경상남도,4811,의령군,대의면,관내사전투표,233,233,82,131,16,1,1,2,0
4800,경상남도,4811,의령군,대의면,대의면투표소,594,406,77,303,10,3,1,12,188
4800,경상남도,4811,의령군,화정면,관내사전투표,318,318,118,184,11,2,0,3,0
4800,경상남도,4811,의령군,화정면,화정면투표소,846,562,111,424,18,1,0,8,284
4800,경상남도,4811,의령군,용덕면,관내사전투표,303,303,106,167,18,5,1,6,0
4800,경상남도,4811,의령군,용덕면,용덕면제1투,464,334,59,257,5,0,0,13,130
4800,경상남도,4811,의령군,용덕면,용덕면제2투,437,286,63,215,5,2,0,1,151
4800,경상남도,4811,의령군,정곡면,관내사전투표,356,356,133,197,16,4,2,4,0
4800,경상남도,4811,의령군,정곡면,정곡면투표소,748,484,76,389,12,1,0,6,264
4800,경상남도,4811,의령군,지정면,관내사전투표,386,386,155,199,21,3,2,6,0
4800,경상남도,4811,의령군,지정면,지정면투표소,1038,626,101,492,22,6,0,5,412
4800,경상남도,4811,의령군,낙서면,관내사전투표,142,142,41,91,4,3,1,2,0
4800,경상남도,4811,의령군,낙서면,낙서면투표소,453,320,33,272,6,4,1,4,133
4800,경상남도,4811,의령군,부림면,관내사전투표,794,794,308,433,34,5,3,11,0
4800,경상남도,4811,의령군,부림면,부림면투표소,1507,978,179,759,25,2,2,11,529
4800,경상남도,4811,의령군,봉수면,관내사전투표,225,225,52,162,5,2,0,4,0
4800,경상남도,4811,의령군,봉수면,봉수면투표소,478,286,33,239,6,3,1,4,192
4800,경상남도,4811,의령군,궁류면,관내사전투표,317,317,94,209,9,3,0,2,0
4800,경상남도,4811,의령군,궁류면,궁류면투표소,607,370,60,290,9,3,2,6,237
4800,경상남도,4811,의령군,유곡면,관내사전투표,195,195,74,110,4,3,0,4,0
4800,경상남도,4811,의령군,유곡면,유곡면제1투,377,267,46,201,9,3,1,7,110
4800,경상남도,4811,의령군,유곡면,유곡면제2투,335,224,47,169,5,2,0,1,111
4800,경상남도,4812,함안군,가야읍,관내사전투표,3240,3240,1588,1412,182,34,3,21,0
4800,경상남도,4812,함안군,가야읍,가야읍제1투,1762,1121,222,824,55,12,1,7,641
4800,경상남도,4812,함안군,가야읍,가야읍제2투,2745,1782,497,1137,113,19,1,15,963
4800,경상남도,4812,함안군,가야읍,가야읍제3투,2409,1534,406,1012,97,13,2,4,875
4800,경상남도,4812,함안군,가야읍,가야읍제4투,2332,1525,389,1042,68,10,4,12,807
4800,경상남도,4812,함안군,칠원읍,관내사전투표,2635,2635,1272,1188,127,25,3,20,0
4800,경상남도,4812,함안군,칠원읍,칠원읍제1투,2661,1761,400,1268,66,15,1,11,900
4800,경상남도,4812,함안군,칠원읍,칠원읍제2투,753,540,105,410,17,1,0,7,213
4800,경상남도,4812,함안군,칠원읍,칠원읍제3투,2859,2331,949,1186,155,28,2,11,528
4800,경상남도,4812,함안군,칠원읍,칠원읍제4투,1774,1223,320,818,63,8,2,12,551
4800,경상남도,4812,함안군,칠원읍,칠원읍제5투,2370,1804,728,925,104,28,4,15,566
4800,경상남도,4812,함안군,함안면,관내사전투표,667,667,301,328,28,8,1,1,0
4800,경상남도,4812,함안군,함안면,함안면투표소,1361,894,170,680,32,2,1,9,467
4800,경상남도,4812,함안군,군북면,관내사전투표,1536,1536,629,759,126,9,3,10,0
4800,경상남도,4812,함안군,군북면,군북면제1투,1484,870,173,640,42,5,1,9,614
4800,경상남도,4812,함안군,군북면,군북면제2투,621,417,101,300,10,5,0,1,204
4800,경상남도,4812,함안군,군북면,군북면제3투,741,443,92,333,13,2,0,3,298
4800,경상남도,4812,함안군,군북면,군북면제4투,473,308,64,229,7,6,1,1,165
4800,경상남도,4812,함안군,법수면,관내사전투표,744,744,310,371,51,5,1,6,0
4800,경상남도,4812,함안군,법수면,법수면투표소,1609,1003,204,753,28,8,3,7,606
4800,경상남도,4821,창원시의창구,대산면,관내사전투표,797,797,364,394,27,3,2,7,0
4800,경상남도,4821,창원시의창구,대산면,대산면투표소,1862,1146,184,909,27,9,2,15,716
4800,경상남도,4812,함안군,칠서면,관내사전투표,599,599,274,279,30,10,1,5,0
4800,경상남도,4812,함안군,칠서면,칠서면제1투,1786,1204,347,756,73,16,3,9,582
4800,경상남도,4812,함안군,칠서면,칠서면제2투,490,295,57,223,8,2,1,4,195
4800,경상남도,4812,함안군,칠서면,칠서면제3투,844,588,92,471,15,6,1,3,256
4800,경상남도,4812,함안군,칠북면,관내사전투표,455,455,157,266,26,3,0,3,0
4800,경상남도,4812,함안군,칠북면,칠북면투표소,1170,797,102,666,20,3,1,5,373
4800,경상남도,4812,함안군,산인면,관내사전투표,1462,1462,712,642,66,16,3,23,0
4800,경상남도,4812,함안군,산인면,산인면투표소,1458,952,187,725,27,3,1,9,506
4800,경상남도,4812,함안군,여항면,관내사전투표,352,352,124,212,13,3,0,0,0
4800,경상남도,4812,함안군,여항면,여항면투표소,464,323,46,267,8,2,0,0,141
4800,경상남도,4813,창녕군,창녕읍,관내사전투표,3134,3134,1315,1588,173,22,2,34,0
4800,경상남도,4813,창녕군,창녕읍,창녕읍제1투,1630,1090,186,850,37,7,0,10,540
4800,경상남도,4813,창녕군,창녕읍,창녕읍제2투,1901,1091,233,807,38,7,0,6,810
4800,경상남도,4813,창녕군,창녕읍,창녕읍제3투,2528,1638,343,1210,63,8,2,12,890
4800,경상남도,4813,창녕군,창녕읍,창녕읍제4투,2696,1736,403,1224,75,20,1,13,960
4800,경상남도,4813,창녕군,남지읍,관내사전투표,2837,2836,1183,1462,143,19,7,22,1
4800,경상남도,4813,창녕군,남지읍,남지읍제1투,2542,1586,340,1174,47,12,0,13,956
4800,경상남도,4813,창녕군,남지읍,남지읍제2투,3111,1961,485,1366,83,13,3,11,1150
4800,경상남도,4813,창녕군,남지읍,남지읍제3투,704,478,94,366,9,4,1,4,226
4800,경상남도,4813,창녕군,고암면,관내사전투표,481,481,182,257,27,9,0,6,0
4800,경상남도,4813,창녕군,고암면,고암면투표소,1022,670,110,533,17,5,1,4,352
4800,경상남도,4813,창녕군,성산면,관내사전투표,306,306,94,194,10,6,0,2,0
4800,경상남도,4813,창녕군,성산면,성산면투표소,923,617,70,517,19,3,1,7,306
4800,경상남도,4813,창녕군,대합면,관내사전투표,775,775,239,497,33,0,0,6,0
4800,경상남도,4813,창녕군,대합면,대합면투표소,2176,1269,185,1017,49,2,0,16,907
4800,경상남도,4813,창녕군,이방면,관내사전투표,477,477,134,299,32,4,2,6,0
4800,경상남도,4813,창녕군,이방면,이방면투표소,1249,807,101,670,16,8,0,12,442
4800,경상남도,4813,창녕군,유어면,관내사전투표,538,538,176,318,30,5,1,8,0
4800,경상남도,4813,창녕군,유어면,유어면투표소,979,597,115,459,14,0,0,9,382
4800,경상남도,4813,창녕군,대지면,관내사전투표,855,855,330,461,44,9,0,11,0
4800,경상남도,4813,창녕군,대지면,대지면투표소,1343,864,148,686,20,4,1,5,479
4800,경상남도,4813,창녕군,계성면,관내사전투표,713,713,291,379,36,5,0,2,0
4800,경상남도,4813,창녕군,계성면,계성면투표소,1225,776,107,631,27,2,1,8,449
4800,경상남도,4813,창녕군,영산면,관내사전투표,1291,1291,510,709,52,9,2,9,0
4800,경상남도,4813,창녕군,영산면,영산면제1투,2246,1420,284,1061,59,8,1,7,826
4800,경상남도,4813,창녕군,영산면,영산면제2투,627,424,88,325,5,1,1,4,203
4800,경상남도,4813,창녕군,장마면,관내사전투표,455,455,166,272,13,1,1,2,0
4800,경상남도,4813,창녕군,장마면,장마면투표소,1033,616,110,473,20,8,1,4,417
4800,경상남도,4813,창녕군,도천면,관내사전투표,756,756,269,442,31,3,1,10,0
4800,경상남도,4813,창녕군,도천면,도천면투표소,1322,820,145,642,23,5,0,5,502
4800,경상남도,4813,창녕군,길곡면,관내사전투표,383,383,150,203,20,5,0,5,0
4800,경상남도,4813,창녕군,길곡면,길곡면투표소,810,556,100,435,15,2,0,4,254
4800,경상남도,4813,창녕군,부곡면,관내사전투표,1063,1063,405,607,40,4,1,6,0
4800,경상남도,4813,창녕군,부곡면,부곡면투표소,1845,1158,175,934,36,3,1,9,687
4800,경상남도,4814,양산시,물금읍,관내사전투표,13181,13181,8542,3477,969,90,11,92,0
4800,경상남도,4814,양산시,물금읍,물금읍제1투,3392,2300,732,1369,156,16,4,23,1092
4800,경상남도,4814,양산시,물금읍,물금읍제2투,3266,2269,811,1168,255,21,2,12,997
4800,경상남도,4814,양산시,물금읍,물금읍제3투,4026,3139,1436,1400,246,37,2,18,887
4800,경상남도,4814,양산시,물금읍,물금읍제4투,2081,1375,477,771,100,10,3,14,706
4800,경상남도,4814,양산시,물금읍,물금읍제5투,1535,1032,384,560,58,15,1,14,503
4800,경상남도,4814,양산시,물금읍,물금읍제6투,1932,1480,575,748,125,11,2,19,452
4800,경상남도,4814,양산시,물금읍,물금읍제7투,2765,1620,519,880,188,20,1,12,1145
4800,경상남도,4814,양산시,물금읍,물금읍제8투,2847,2238,1024,1012,172,20,2,8,609
4800,경상남도,4814,양산시,물금읍,물금읍제9투,2227,1783,789,834,127,15,1,17,444
4800,경상남도,4814,양산시,물금읍,물금읍제10투,2519,2014,989,822,159,26,4,14,505
4800,경상남도,4814,양산시,물금읍,물금읍제11투,4048,2925,1299,1284,284,34,3,21,1123
4800,경상남도,4814,양산시,물금읍,물금읍제12투,2134,1775,871,701,169,16,2,16,359
4800,경상남도,4814,양산시,물금읍,물금읍제13투,1863,1526,624,734,141,19,1,7,337
4800,경상남도,4814,양산시,물금읍,물금읍제14투,1376,939,238,633,50,10,2,6,437
4800,경상남도,4814,양산시,물금읍,물금읍제15투,1738,1028,376,556,81,8,1,6,710
4800,경상남도,4814,양산시,물금읍,물금읍제16투,2455,1721,597,963,132,12,2,15,734
4800,경상남도,4814,양산시,물금읍,물금읍제17투,3217,2197,904,1064,179,27,1,22,1020
4800,경상남도,4814,양산시,물금읍,물금읍제18투,3932,2733,1071,1412,195,34,4,17,1199
4800,경상남도,4814,양산시,물금읍,물금읍제19투,2692,2161,883,1096,150,20,1,11,531
4800,경상남도,4814,양산시,물금읍,물금읍제20투,4211,3081,1353,1413,238,38,4,35,1130
4800,경상남도,4814,양산시,물금읍,물금읍제21투,3976,3001,1311,1396,249,30,2,13,975
4800,경상남도,4814,양산시,물금읍,물금읍제22투,3614,2469,948,1322,164,19,0,16,1145
4800,경상남도,4814,양산시,물금읍,물금읍제23투,4374,3364,1378,1665,273,18,6,24,1010
4800,경상남도,4814,양산시,물금읍,물금읍제24투,1904,1509,703,651,129,20,0,6,395
4800,경상남도,4814,양산시,물금읍,물금읍제25투,1258,974,382,479,96,8,2,7,284
4800,경상남도,4814,양산시,동면,관내사전투표,5362,5362,3423,1464,394,43,3,35,0
4800,경상남도,4814,양산시,동면,동면제1투,4137,2569,856,1538,122,23,4,26,1568
4800,경상남도,4814,양산시,동면,동면제2투,3457,2482,912,1353,162,26,8,21,975
4800,경상남도,4814,양산시,동면,동면제3투,1773,1366,538,738,63,14,1,12,407
4800,경상남도,4814,양산시,동면,동면제4투,608,457,78,349,18,2,2,8,151
4800,경상남도,4814,양산시,동면,동면제5투,3732,2783,1302,1258,169,35,6,13,949
4800,경상남도,4814,양산시,동면,동면제6투,4031,2760,1234,1249,233,27,1,16,1271
4800,경상남도,4814,양산시,동면,동면제7투,3635,2851,1341,1264,198,31,1,16,784
4800,경상남도,4814,양산시,동면,동면제8투,4552,3283,1274,1603,345,42,1,18,1269
4800,경상남도,4814,양산시,동면,동면제9투,2952,2293,832,1189,227,19,3,23,659
4800,경상남도,4814,양산시,동면,동면제10투,4673,3173,1202,1580,330,28,3,30,1500
4800,경상남도,4814,양산시,원동면,관내사전투표,667,667,259,357,36,9,0,6,0
4800,경상남도,4814,양산시,원동면,원동면제1투,690,417,58,344,11,2,0,2,273
4800,경상남도,4814,양산시,원동면,원동면제2투,838,611,117,469,19,2,1,3,227
4800,경상남도,4814,양산시,원동면,원동면제3투,403,301,41,247,11,1,0,1,102
4800,경상남도,4814,양산시,상북면,관내사전투표,3582,3582,1845,1480,191,32,6,28,0
4800,경상남도,4814,양산시,상북면,상북면제1투,988,653,160,447,36,3,1,6,335
4800,경상남도,4814,양산시,상북면,상북면제2투,3373,2174,603,1405,131,14,3,18,1199
4800,경상남도,4814,양산시,상북면,상북면제3투,1915,1321,385,831,78,9,0,18,594
4800,경상남도,4814,양산시,상북면,상북면제4투,1351,928,286,589,43,6,0,4,423
4800,경상남도,4814,양산시,상북면,상북면제5투,919,582,84,471,20,3,0,4,337
4800,경상남도,4814,양산시,하북면,관내사전투표,2032,2032,1008,868,133,11,1,11,0
4800,경상남도,4814,양산시,하북면,하북면제1투,1989,1267,249,942,59,9,3,5,722
4800,경상남도,4814,양산시,하북면,하북면제2투,600,389,66,307,13,1,0,2,211
4800,경상남도,4814,양산시,하북면,하북면제3투,768,510,80,413,13,1,1,2,258
4800,경상남도,4814,양산시,하북면,하북면제4투,1320,860,209,623,19,4,0,5,460
4800,경상남도,4822,창원시성산구,중앙동,관내사전투표,3094,3094,1594,1295,154,30,1,20,0
4800,경상남도,4822,창원시성산구,중앙동,중앙동제1투,2034,1241,351,801,76,5,0,8,793
4800,경상남도,4822,창원시성산구,중앙동,중앙동제2투,1745,1094,272,738,63,12,0,9,651
4800,경상남도,4822,창원시성산구,중앙동,중앙동제3투,1426,799,198,545,43,9,0,4,627
4800,경상남도,4822,창원시성산구,중앙동,중앙동제4투,1732,1064,267,720,62,7,2,6,668
4800,경상남도,4814,양산시,양주동,관내사전투표,8450,8450,5229,2475,590,83,8,65,0
4800,경상남도,4814,양산시,양주동,양주동제1투,1565,927,302,527,82,12,0,4,638
4800,경상남도,4814,양산시,양주동,양주동제2투,3366,2415,732,1452,195,20,2,14,951
4800,경상남도,4814,양산시,양주동,양주동제3투,2549,1779,524,1118,102,20,5,10,770
4800,경상남도,4814,양산시,양주동,양주동제4투,2671,2085,870,1048,130,26,3,8,586
4800,경상남도,4814,양산시,양주동,양주동제5투,4743,3424,1177,1980,207,35,2,23,1319
4800,경상남도,4814,양산시,양주동,양주동제6투,3098,2381,1028,1125,172,33,3,20,717
4800,경상남도,4814,양산시,삼성동,관내사전투표,4579,4579,2588,1576,336,41,11,27,0
4800,경상남도,4814,양산시,삼성동,삼성동제1투,3853,2527,747,1565,169,25,4,17,1326
4800,경상남도,4814,양산시,삼성동,삼성동제2투,2611,1482,479,868,110,10,3,12,1129
4800,경상남도,4814,양산시,삼성동,삼성동제3투,2212,1434,501,797,108,15,2,11,778
4800,경상남도,4814,양산시,삼성동,삼성동제4투,2007,1371,557,720,74,13,0,7,636
4800,경상남도,4814,양산시,삼성동,삼성동제5투,2169,1378,476,785,91,16,3,7,791
4800,경상남도,4814,양산시,강서동,관내사전투표,2397,2397,1477,687,192,24,2,15,0
4800,경상남도,4814,양산시,강서동,강서동제1투,2936,1945,676,1104,131,25,1,8,991
4800,경상남도,4814,양산시,강서동,강서동제2투,2043,1380,562,714,81,5,5,13,663
4800,경상남도,4814,양산시,서창동,관내사전투표,5073,5073,2926,1763,305,42,4,33,0
4800,경상남도,4814,양산시,서창동,서창동제1투,1397,927,213,660,38,9,1,6,470
4800,경상남도,4814,양산시,서창동,서창동제2투,2301,1577,565,879,93,22,1,17,724
4800,경상남도,4814,양산시,서창동,서창동제3투,1905,1075,325,673,67,7,0,3,830
4800,경상남도,4814,양산시,서창동,서창동제4투,3631,2593,1091,1286,166,33,2,15,1038
4800,경상남도,4814,양산시,서창동,서창동제5투,1731,1079,354,640,66,5,1,13,652
4800,경상남도,4814,양산시,서창동,서창동제6투,1942,985,293,621,60,5,1,5,957
4800,경상남도,4814,양산시,서창동,서창동제7투,2924,2085,858,1035,150,28,2,12,839
4800,경상남도,4814,양산시,소주동,관내사전투표,3572,3572,2123,1187,214,25,2,21,0
4800,경상남도,4814,양산시,소주동,소주동제1투,1605,1116,348,670,74,11,1,12,489
4800,경상남도,4814,양산시,소주동,소주동제2투,3792,2445,807,1448,145,23,3,19,1347
4800,경상남도,4814,양산시,소주동,소주동제3투,1361,960,380,510,47,14,0,9,401
4800,경상남도,4814,양산시,소주동,소주동제4투,1678,960,241,658,36,12,1,12,718
4800,경상남도,4814,양산시,소주동,소주동제5투,3801,2522,1025,1286,161,27,3,20,1279
4800,경상남도,4814,양산시,평산동,관내사전투표,4704,4704,2896,1470,263,37,6,32,0
4800,경상남도,4814,양산시,평산동,평산동제1투,4034,2640,945,1479,165,26,2,23,1394
4800,경상남도,4814,양산시,평산동,평산동제2투,2146,1537,523,913,79,12,1,9,609
4800,경상남도,4814,양산시,평산동,평산동제3투,1427,1055,362,634,43,7,2,7,372
4800,경상남도,4814,양산시,평산동,평산동제4투,3223,1850,588,1137,94,12,1,18,1373
4800,경상남도,4814,양산시,평산동,평산동제5투,2104,1259,416,734,89,11,0,9,845
4800,경상남도,4814,양산시,평산동,평산동제6투,1582,1044,275,703,52,8,0,6,538
4800,경상남도,4814,양산시,평산동,평산동제7투,2432,1807,727,940,113,18,1,8,625
4800,경상남도,4814,양산시,덕계동,관내사전투표,5298,5298,3101,1790,333,35,5,34,0
4800,경상남도,4814,양산시,덕계동,덕계동제1투,2907,1975,570,1224,145,20,3,13,932
4800,경상남도,4814,양산시,덕계동,덕계동제2투,3573,2402,701,1527,130,25,5,14,1171
4800,경상남도,4815,하동군,하동읍,관내사전투표,3051,3051,1514,1272,185,36,2,42,0
4800,경상남도,4815,하동군,하동읍,하동읍제1투,2482,1606,394,1122,67,8,6,9,876
4800,경상남도,4815,하동군,하동읍,하동읍제2투,1920,1236,351,790,67,15,1,12,684
4800,경상남도,4815,하동군,화개면,관내사전투표,950,950,512,385,35,5,0,13,0
4800,경상남도,4815,하동군,화개면,화개면제1투,879,522,153,342,15,4,1,7,357
4800,경상남도,4815,하동군,화개면,화개면제2투,452,329,105,212,3,1,2,6,123
4800,경상남도,4815,하동군,악양면,관내사전투표,1130,1130,548,512,39,15,1,15,0
4800,경상남도,4815,하동군,악양면,악양면투표소,1591,950,223,659,38,17,2,11,641
4800,경상남도,4815,하동군,적량면,관내사전투표,710,710,358,296,41,8,1,6,0
4800,경상남도,4815,하동군,적량면,적량면투표소,915,560,135,397,17,9,0,2,355
4800,경상남도,4815,하동군,횡천면,관내사전투표,605,605,246,320,28,2,1,8,0
4800,경상남도,4815,하동군,횡천면,횡천면투표소,972,666,133,499,22,3,1,8,306
4800,경상남도,4815,하동군,고전면,관내사전투표,527,527,227,252,34,4,0,10,0
4800,경상남도,4815,하동군,고전면,고전면투표소,1092,658,173,448,21,10,0,6,434
4800,경상남도,4815,하동군,금남면,관내사전투표,894,894,377,452,49,5,1,10,0
4800,경상남도,4815,하동군,금남면,금남면투표소,1556,918,210,651,38,5,1,13,638
4800,경상남도,4815,하동군,금성면,관내사전투표,723,723,345,305,52,10,2,9,0
4800,경상남도,4815,하동군,금성면,금성면투표소,1384,875,224,598,34,5,0,14,509
4800,경상남도,4815,하동군,진교면,관내사전투표,1881,1881,763,974,104,13,3,24,0
4800,경상남도,4815,하동군,진교면,진교면투표소,2730,1676,426,1164,64,5,1,16,1054
4800,경상남도,4815,하동군,양보면,관내사전투표,493,493,172,288,23,5,2,3,0
4800,경상남도,4815,하동군,양보면,양보면투표소,823,565,113,418,24,4,1,5,258
4800,경상남도,4815,하동군,북천면,관내사전투표,562,562,190,336,20,6,0,10,0
4800,경상남도,4815,하동군,북천면,북천면투표소,716,427,64,341,10,3,2,7,289
4800,경상남도,4815,하동군,청암면,관내사전투표,410,410,165,220,14,2,1,8,0
4800,경상남도,4815,하동군,청암면,청암면제1투,305,208,30,169,4,3,0,2,97
4800,경상남도,4815,하동군,청암면,청암면제2투,296,215,76,130,6,1,0,2,81
4800,경상남도,4815,하동군,옥종면,관내사전투표,1193,1193,521,594,55,6,3,14,0
4800,경상남도,4816,남해군,남해읍,관내사전투표,4042,4042,2038,1629,255,52,5,63,0
4800,경상남도,4816,남해군,남해읍,남해읍제1투,1483,936,289,576,49,13,1,8,547
4800,경상남도,4816,남해군,남해읍,남해읍제2투,921,604,139,433,14,7,2,9,317
4800,경상남도,4816,남해군,남해읍,남해읍제3투,1548,962,282,612,45,13,1,9,586
4800,경상남도,4816,남해군,남해읍,남해읍제4투,1999,1311,317,888,71,16,3,16,688
4800,경상남도,4816,남해군,이동면,관내사전투표,987,987,444,475,48,4,2,14,0
4800,경상남도,4816,남해군,이동면,이동면제1투,774,516,106,390,14,4,0,2,258
4800,경상남도,4816,남해군,이동면,이동면제2투,664,445,118,304,15,4,1,3,219
4800,경상남도,4816,남해군,이동면,이동면제3투,644,455,81,346,18,7,0,3,189
4800,경상남도,4816,남해군,상주면,관내사전투표,539,539,234,258,19,17,2,9,0
4800,경상남도,4816,남해군,상주면,상주면투표소,761,444,115,301,17,3,1,7,317
4800,경상남도,4816,남해군,삼동면,관내사전투표,1053,1053,470,510,50,9,0,14,0
4800,경상남도,4816,남해군,삼동면,삼동면제1투,950,570,132,405,25,2,0,6,380
4800,경상남도,4816,남해군,삼동면,삼동면제2투,1065,706,167,503,22,3,1,10,359
4800,경상남도,4816,남해군,미조면,관내사전투표,596,596,279,284,17,8,2,6,0
4800,경상남도,4816,남해군,미조면,미조면투표소,1131,761,139,589,24,2,1,6,370
4800,경상남도,4816,남해군,남면,관내사전투표,1131,1131,455,600,56,6,2,12,0
4800,경상남도,4816,남해군,남면,남면제1투,948,562,117,415,23,3,0,4,386
4800,경상남도,4816,남해군,남면,남면제2투,695,351,74,267,6,1,1,2,344
4800,경상남도,4816,남해군,서면,관내사전투표,693,693,297,347,33,8,1,7,0
4800,경상남도,4816,남해군,서면,서면제1투,896,542,130,386,16,1,0,9,354
4800,경상남도,4816,남해군,서면,서면제2투,523,382,84,285,9,0,0,4,141
4800,경상남도,4816,남해군,고현면,관내사전투표,1107,1107,534,504,43,12,1,13,0
4800,경상남도,4816,남해군,고현면,고현면제1투,884,529,116,386,20,4,1,2,355
4800,경상남도,4816,남해군,고현면,고현면제2투,854,604,206,366,16,7,3,6,250
4800,경상남도,4816,남해군,설천면,관내사전투표,671,670,299,333,28,4,2,4,1
4800,경상남도,4816,남해군,설천면,설천면제1투,968,613,135,435,28,7,1,7,355
4800,경상남도,4816,남해군,설천면,설천면제2투,513,387,102,255,19,4,0,7,126
4800,경상남도,4816,남해군,창선면,관내사전투표,1544,1544,450,1025,39,6,1,23,0
4800,경상남도,4816,남해군,창선면,창선면제1투,1991,1231,194,979,40,7,0,11,760
4800,경상남도,4816,남해군,창선면,창선면제2투,870,549,75,451,15,3,1,4,321
4800,경상남도,4817,함양군,함양읍,관내사전투표,4302,4302,2036,1932,261,45,2,26,0
4800,경상남도,4817,함양군,함양읍,함양읍제1투,1017,609,122,453,20,3,1,10,408
4800,경상남도,4817,함양군,함양읍,함양읍제2투,1238,786,161,582,28,8,1,6,452
4800,경상남도,4817,함양군,함양읍,함양읍제3투,2558,1647,485,1023,105,16,1,17,911
4800,경상남도,4817,함양군,함양읍,함양읍제4투,792,523,123,376,10,2,1,11,269
4800,경상남도,4817,함양군,함양읍,함양읍제5투,1539,1064,250,747,53,6,3,5,475
4800,경상남도,4817,함양군,함양읍,함양읍제6투,1054,643,164,439,27,5,0,8,411
4800,경상남도,4817,함양군,함양읍,함양읍제7투,528,328,67,250,6,3,1,1,200
4800,경상남도,4817,함양군,마천면,관내사전투표,707,707,339,316,36,8,3,5,0
4800,경상남도,4817,함양군,마천면,마천면투표소,1016,634,135,472,16,2,0,9,382
4800,경상남도,4817,함양군,휴천면,관내사전투표,533,533,226,268,31,3,1,4,0
4800,경상남도,4817,함양군,휴천면,휴천면투표소,683,405,96,293,10,3,0,3,278
4800,경상남도,4817,함양군,유림면,관내사전투표,420,420,155,236,17,8,0,4,0
4800,경상남도,4817,함양군,유림면,유림면투표소,840,507,89,396,14,1,1,6,333
4800,경상남도,4817,함양군,수동면,관내사전투표,769,769,287,405,51,9,3,14,0
4800,경상남도,4817,함양군,수동면,수동면투표소,1243,812,161,619,22,2,2,6,431
4800,경상남도,4817,함양군,지곡면,관내사전투표,818,818,333,418,38,8,1,20,0
4800,경상남도,4817,함양군,지곡면,지곡면투표소,1039,694,127,532,18,7,4,6,345
4800,경상남도,4817,함양군,안의면,관내사전투표,1422,1422,482,846,63,10,2,19,0
4800,경상남도,4817,함양군,안의면,안의면제1투,1125,729,123,562,30,3,2,9,396
4800,경상남도,4817,함양군,안의면,안의면제2투,1074,639,114,489,22,5,0,9,435
4800,경상남도,4817,함양군,서하면,관내사전투표,399,399,157,207,21,5,2,7,0
4800,경상남도,4817,함양군,서하면,서하면투표소,679,445,76,346,11,2,0,10,234
4800,경상남도,4817,함양군,서상면,관내사전투표,599,599,239,310,40,5,0,5,0
4800,경상남도,4817,함양군,서상면,서상면투표소,889,591,111,454,16,2,0,8,298
4800,경상남도,4817,함양군,백전면,관내사전투표,437,437,191,215,23,5,1,2,0
4800,경상남도,4817,함양군,백전면,백전면투표소,791,505,85,400,13,3,0,4,286
4800,경상남도,4817,함양군,병곡면,관내사전투표,509,509,197,267,29,9,0,7,0
4800,경상남도,4817,함양군,병곡면,병곡면투표소,649,428,82,333,6,2,0,5,221
4800,경상남도,4818,산청군,산청읍,관내사전투표,1761,1761,788,804,114,29,3,23,0
4800,경상남도,4818,산청군,산청읍,산청읍제1투,2579,1640,343,1190,74,18,1,14,939
4800,경상남도,4818,산청군,산청읍,산청읍제2투,734,481,91,369,16,1,1,3,253
4800,경상남도,4818,산청군,차황면,관내사전투표,344,344,127,197,14,1,0,5,0
4800,경상남도,4818,산청군,차황면,차황면투표소,761,514,97,401,5,4,0,7,247
4800,경상남도,4818,산청군,오부면,관내사전투표,264,264,87,154,13,4,1,5,0
4800,경상남도,4818,산청군,오부면,오부면투표소,533,347,48,281,11,4,0,3,186
4800,경상남도,4818,산청군,생초면,관내사전투표,500,500,146,322,24,2,0,6,0
4800,경상남도,4818,산청군,생초면,생초면투표소,1042,670,102,529,24,4,2,9,372
4800,경상남도,4818,산청군,금서면,관내사전투표,806,806,348,384,46,12,1,15,0
4800,경상남도,4818,산청군,금서면,금서면제1투,1129,675,149,493,19,4,3,7,454
4800,경상남도,4818,산청군,금서면,금서면제2투,487,341,59,260,11,4,2,5,146
4800,경상남도,4818,산청군,삼장면,관내사전투표,489,489,178,282,26,1,0,2,0
4800,경상남도,4818,산청군,삼장면,삼장면투표소,947,661,108,534,12,1,2,4,286
4800,경상남도,4818,산청군,시천면,관내사전투표,1147,1147,524,569,35,11,1,7,0
4800,경상남도,4818,산청군,시천면,시천면제1투,1152,778,145,607,18,2,0,6,374
4800,경상남도,4818,산청군,시천면,시천면제2투,979,665,111,530,15,3,1,5,314
4800,경상남도,4818,산청군,단성면,관내사전투표,1546,1546,611,844,60,16,0,15,0
4800,경상남도,4818,산청군,단성면,단성면제1투,2299,1408,242,1096,37,9,5,19,891
4800,경상남도,4818,산청군,단성면,단성면제2투,613,436,94,318,16,4,0,4,177
4800,경상남도,4818,산청군,신안면,관내사전투표,1442,1442,688,657,75,13,1,8,0
4800,경상남도,4818,산청군,신안면,신안면제1투,2037,1350,245,1010,62,14,0,19,687
4800,경상남도,4818,산청군,신안면,신안면제2투,821,551,110,417,16,3,1,4,270
4800,경상남도,4818,산청군,생비량면,관내사전투표,316,316,93,204,10,2,0,7,0
4800,경상남도,4818,산청군,생비량면,생비량면투표소,635,437,58,356,13,4,0,6,198
4800,경상남도,4818,산청군,신등면,관내사전투표,598,598,222,337,25,6,1,7,0
4800,경상남도,4818,산청군,신등면,신등면투표소,1128,738,127,571,25,3,2,10,390
4800,경상남도,4819,거창군,거창읍,관내사전투표,8033,8033,3572,3687,628,77,9,60,0
4800,경상남도,4819,거창군,거창읍,거창읍제1투,2999,1952,601,1185,132,15,2,17,1047
4800,경상남도,4819,거창군,거창읍,거창읍제2투,2110,1383,280,1008,75,6,2,12,727
4800,경상남도,4819,거창군,거창읍,거창읍제3투,2153,1484,349,1035,78,8,2,12,669
4800,경상남도,4819,거창군,거창읍,거창읍제4투,2810,1827,405,1276,111,19,1,15,983
4800,경상남도,4819,거창군,거창읍,거창읍제5투,2680,1755,357,1277,86,14,4,17,925
4800,경상남도,4819,거창군,거창읍,거창읍제6투,1808,1200,254,887,43,6,1,9,608
4800,경상남도,4819,거창군,거창읍,거창읍제7투,2214,1428,360,916,120,10,1,21,786
4800,경상남도,4819,거창군,거창읍,거창읍제8투,1061,747,123,581,26,3,2,12,314
4800,경상남도,4819,거창군,거창읍,거창읍제9투,1244,848,226,558,45,9,0,10,396
4800,경상남도,4819,거창군,거창읍,거창읍제10투,2032,1313,294,916,78,8,3,14,719
4800,경상남도,4819,거창군,주상면,관내사전투표,728,728,244,433,31,4,2,14,0
4800,경상남도,4819,거창군,주상면,주상면투표소,761,528,76,424,17,0,1,10,233
4800,경상남도,4819,거창군,웅양면,관내사전투표,667,667,249,370,35,6,1,6,0
4800,경상남도,4819,거창군,웅양면,웅양면투표소,904,608,133,439,17,10,2,7,296
4800,경상남도,4819,거창군,고제면,관내사전투표,571,571,215,321,24,3,2,6,0
4800,경상남도,4819,거창군,고제면,고제면투표소,718,465,88,355,18,1,1,2,253
4800,경상남도,4819,거창군,북상면,관내사전투표,596,596,234,325,26,3,2,6,0
4800,경상남도,4819,거창군,북상면,북상면투표소,713,444,82,335,13,2,2,10,269
4800,경상남도,4819,거창군,위천면,관내사전투표,691,691,244,386,45,6,0,10,0
4800,경상남도,4819,거창군,위천면,위천면투표소,967,638,99,494,29,6,3,7,329
4800,경상남도,4819,거창군,마리면,관내사전투표,845,845,319,466,48,7,0,5,0
4800,경상남도,4819,거창군,마리면,마리면투표소,1070,682,109,544,19,1,0,9,388
4800,경상남도,4819,거창군,남상면,관내사전투표,928,928,336,513,47,10,4,18,0
4800,경상남도,4819,거창군,남상면,남상면투표소,1239,759,138,576,30,1,2,12,480
4800,경상남도,4819,거창군,남하면,관내사전투표,995,995,374,539,61,9,3,9,0
4800,경상남도,4819,거창군,남하면,남하면투표소,738,485,95,362,18,2,2,6,253
4800,경상남도,4819,거창군,신원면,관내사전투표,529,529,164,330,21,4,2,8,0
4800,경상남도,4819,거창군,신원면,신원면투표소,742,476,92,349,19,4,1,11,266
4800,경상남도,4819,거창군,가조면,관내사전투표,1419,1419,413,906,66,15,1,18,0
4800,경상남도,4819,거창군,가조면,가조면투표소,1898,1294,197,1023,47,13,0,14,604
4800,경상남도,4819,거창군,가북면,관내사전투표,383,383,124,238,13,1,0,7,0
4800,경상남도,4819,거창군,가북면,가북면투표소,712,480,82,375,8,3,0,12,232
4800,경상남도,4820,합천군,합천읍,관내사전투표,3149,3149,1259,1634,189,40,0,27,0
4800,경상남도,4820,합천군,합천읍,합천읍제1투,2993,1862,321,1460,61,4,1,15,1131
4800,경상남도,4820,합천군,합천읍,합천읍제2투,2410,1614,265,1262,62,11,2,12,796
4800,경상남도,4820,합천군,봉산면,관내사전투표,339,339,100,225,8,0,0,6,0
4800,경상남도,4820,합천군,봉산면,봉산면투표소,772,464,68,378,9,1,0,8,308
4800,경상남도,4820,합천군,묘산면,관내사전투표,375,375,107,250,11,1,0,6,0
4800,경상남도,4820,합천군,묘산면,묘산면투표소,844,536,65,442,13,3,0,13,308
4800,경상남도,4820,합천군,가야면,관내사전투표,776,776,300,427,32,8,1,8,0
4800,경상남도,4820,합천군,가야면,가야면제1투,992,633,89,514,25,0,2,3,359
4800,경상남도,4820,합천군,가야면,가야면제2투,985,714,100,589,11,3,1,10,271
4800,경상남도,4820,합천군,가야면,가야면제3투,419,275,69,189,13,1,1,2,144
4800,경상남도,4820,합천군,야로면,관내사전투표,557,557,165,359,20,2,1,10,0
4800,경상남도,4820,합천군,야로면,야로면투표소,1321,845,112,694,21,4,0,14,476
4800,경상남도,4820,합천군,율곡면,관내사전투표,471,471,134,305,23,3,2,4,0
4800,경상남도,4820,합천군,율곡면,율곡면투표소,1239,804,115,648,19,5,2,15,435
4800,경상남도,4820,합천군,초계면,관내사전투표,561,561,162,369,24,1,0,5,0
4800,경상남도,4820,합천군,초계면,초계면투표소,1316,875,146,695,16,6,3,9,441
4800,경상남도,4820,합천군,쌍책면,관내사전투표,234,234,59,149,18,0,0,8,0
4800,경상남도,4820,합천군,쌍책면,쌍책면투표소,801,594,58,511,13,4,0,8,207
4800,경상남도,4820,합천군,덕곡면,관내사전투표,183,183,46,126,9,0,1,1,0
4800,경상남도,4820,합천군,덕곡면,덕곡면투표소,494,331,42,279,4,1,0,5,163
4800,경상남도,4820,합천군,청덕면,관내사전투표,249,249,73,165,7,2,1,1,0
4800,경상남도,4820,합천군,청덕면,청덕면투표소,933,605,81,497,6,3,1,17,328
4800,경상남도,4820,합천군,적중면,관내사전투표,276,276,81,172,15,5,1,2,0
4800,경상남도,4820,합천군,적중면,적중면투표소,833,543,84,433,12,1,1,12,290
4800,경상남도,4820,합천군,대양면,관내사전투표,309,308,114,169,20,4,0,1,1
4800,경상남도,4820,합천군,대양면,대양면투표소,962,606,86,487,21,3,0,9,356
4800,경상남도,4820,합천군,쌍백면,관내사전투표,401,401,122,252,18,1,2,6,0
4800,경상남도,4820,합천군,쌍백면,쌍백면투표소,940,573,75,460,18,4,3,13,367
4800,경상남도,4820,합천군,삼가면,관내사전투표,777,777,258,466,29,10,1,13,0
4800,경상남도,4820,합천군,삼가면,삼가면투표소,1814,1163,185,916,34,10,3,15,651
4800,경상남도,4820,합천군,가회면,관내사전투표,447,447,163,256,18,5,2,3,0
4800,경상남도,4820,합천군,가회면,가회면투표소,863,537,92,416,14,1,2,12,326
4800,경상남도,4820,합천군,대병면,관내사전투표,549,549,168,338,25,7,1,10,0
4800,경상남도,4820,합천군,대병면,대병면투표소,1032,630,75,532,12,2,0,9,402
4800,경상남도,4820,합천군,용주면,관내사전투표,601,601,174,390,27,7,0,3,0
4800,경상남도,4820,합천군,용주면,용주면투표소,1126,710,114,564,19,1,2,10,416
